Category,Province,Values in 2022 (100 million yuan),Values in 2021 (100 million yuan),Values in 2020 (100 million yuan),Values in 2019 (100 million yuan),Values in 2018 (100 million yuan),Values in 2017 (100 million yuan),Values in 2016 (100 million yuan),Values in 2015 (100 million yuan),Values in 2014 (100 million yuan),Values in 2013 (100 million yuan),Values in 2012 (100 million yuan),Values in 2011 (100 million yuan),Values in 2010 (100 million yuan),Values in 2009 (100 million yuan),Values in 2008 (100 million yuan),Values in 2007 (100 million yuan),Values in 2006 (100 million yuan),Values in 2005 (100 million yuan),Values in 2004 (100 million yuan),Values in 2003 (100 million yuan),Values in 2002 (100 million yuan),Values in 2001 (100 million yuan),Values in 2000 (100 million yuan),Values in 1999 (100 million yuan),Values in 1998 (100 million yuan),Values in 1997 (100 million yuan)
Gross Regional Product,Beijing,41610.90 ,40269.60 ,36102.55 ,35371.28 ,30319.98 ,28014.94 ,25669.13 ,23014.59 ,21330.83 ,19500.56 ,17879.40 ,16251.93 ,14113.58 ,12153.03 ,10488.03 ,9353.32 ,7870.28 ,6886.31 ,4283.31 ,3663.10 ,3212.71 ,2845.65 ,2478.76 ,2174.46 ,2011.31 ,1810.09 
Gross Regional Product,Tianjin,16311.30 ,15695.00 ,14083.73 ,14104.28 ,18809.64 ,18549.19 ,17885.39 ,16538.19 ,15726.93 ,14370.16 ,12893.88 ,11307.28 ,9224.46 ,7521.85 ,6354.38 ,5050.40 ,4359.15 ,3697.62 ,2931.88 ,2447.66 ,2051.16 ,1840.10 ,1639.36 ,1450.06 ,1336.38 ,1240.40 
Gross Regional Product,Hebei,42370.40 ,40391.30 ,36206.89 ,35104.52 ,36010.27 ,34016.32 ,32070.45 ,29806.11 ,29421.15 ,28301.41 ,26575.01 ,24515.76 ,20394.26 ,17235.48 ,16188.61 ,13709.50 ,11660.43 ,10096.11 ,8768.79 ,7098.56 ,6122.53 ,5577.78 ,5088.96 ,4569.19 ,4256.01 ,3953.78 
Gross Regional Product,Shanxi,25642.60 ,22590.20 ,17651.93 ,17026.68 ,16818.11 ,15528.42 ,13050.41 ,12766.49 ,12761.49 ,12602.24 ,12112.83 ,11237.55 ,9200.86 ,7358.31 ,6938.73 ,5733.35 ,4752.54 ,4179.52 ,3042.41 ,2456.59 ,2017.54 ,1779.97 ,1643.81 ,1506.78 ,1601.11 ,1480.13 
Gross Regional Product,Inner Mongolia,23158.60 ,20514.20 ,17359.82 ,17212.53 ,17289.22 ,16096.21 ,18128.10 ,17831.51 ,17770.19 ,16832.38 ,15880.58 ,14359.88 ,11672.00 ,9740.25 ,7761.80 ,6091.12 ,4791.48 ,3895.55 ,2712.08 ,2150.41 ,1734.31 ,1545.79 ,1401.01 ,1268.20 ,1192.29 ,1094.52 
Gross Regional Product,Liaoning,28975.10 ,27584.10 ,25114.96 ,24909.45 ,25315.35 ,23409.24 ,22246.90 ,28669.02 ,28626.58 ,27077.65 ,24846.43 ,22226.70 ,18457.27 ,15212.49 ,13461.57 ,11023.49 ,9251.15 ,8009.01 ,6872.65 ,6002.54 ,5458.22 ,5033.08 ,4669.06 ,4171.69 ,3881.73 ,3490.06 
Gross Regional Product,Jilin,13070.20 ,13235.50 ,12311.32 ,11726.82 ,15074.62 ,14944.53 ,14776.80 ,14063.13 ,13803.14 ,12981.46 ,11939.24 ,10568.83 ,8667.58 ,7278.75 ,6424.06 ,5284.69 ,4275.12 ,3620.27 ,2958.21 ,2522.62 ,2246.12 ,2032.48 ,1821.19 ,1669.56 ,1557.78 ,1446.91 
Gross Regional Product,Heilongjiang,15901.00 ,14879.20 ,13698.50 ,13612.68 ,16361.62 ,15902.68 ,15386.09 ,15083.67 ,15039.38 ,14382.93 ,13691.58 ,12582.00 ,10368.60 ,8587.00 ,8310.00 ,7065.00 ,6188.90 ,5511.50 ,5303.00 ,4430.00 ,3882.16 ,3561.00 ,3253.00 ,2897.41 ,2832.84 ,2708.46 
Gross Regional Product,Shanghai,44652.80 ,43214.90 ,38700.58 ,38155.32 ,32679.87 ,30632.99 ,28178.65 ,25123.45 ,23567.70 ,21602.12 ,20181.72 ,19195.69 ,17165.98 ,15046.45 ,13698.15 ,12188.85 ,10366.37 ,9154.18 ,7450.27 ,6250.81 ,5408.76 ,4950.84 ,4551.15 ,4034.96 ,3688.20 ,3360.21 
Gross Regional Product,Jiangsu,122875.60 ,116364.20 ,102718.98 ,99631.52 ,92595.40 ,85869.76 ,77388.28 ,70116.38 ,65088.32 ,59161.75 ,54058.22 ,49110.27 ,41425.48 ,34457.30 ,30312.61 ,25741.15 ,21645.08 ,18305.66 ,15403.16 ,12460.83 ,10631.75 ,9511.91 ,8582.73 ,7697.82 ,7199.95 ,6680.34 
Gross Regional Product,Zhejiang,77715.40 ,73515.80 ,64613.34 ,62351.74 ,56197.15 ,51768.26 ,47251.36 ,42886.49 ,40173.03 ,37568.49 ,34665.33 ,32318.85 ,27722.31 ,22990.35 ,21486.92 ,18780.44 ,15742.51 ,13437.85 ,11243.00 ,9395.00 ,7796.00 ,6748.15 ,6036.34 ,5364.89 ,4987.50 ,4638.24 
Gross Regional Product,Anhui,45045.00 ,42959.20 ,38680.63 ,37113.98 ,30006.82 ,27018.00 ,24407.62 ,22005.63 ,20848.75 ,19038.87 ,17212.05 ,15300.65 ,12359.33 ,10062.82 ,8874.17 ,7364.18 ,6148.73 ,5375.12 ,4812.68 ,3972.38 ,3569.10 ,3290.13 ,3038.24 ,2908.59 ,2805.45 ,2669.95 
Gross Regional Product,Fujian,53109.90 ,48810.40 ,43903.89 ,42395.00 ,35804.04 ,32182.09 ,28810.58 ,25979.82 ,24055.76 ,21759.64 ,19701.78 ,17560.18 ,14737.12 ,12236.53 ,10823.11 ,9249.13 ,7614.55 ,6568.93 ,6053.14 ,5232.17 ,4682.01 ,4253.68 ,3920.07 ,3550.24 ,3330.18 ,3000.36 
Gross Regional Product,Jiangxi,32074.70 ,29619.70 ,25691.50 ,24757.50 ,21984.78 ,20006.31 ,18499.00 ,16723.78 ,15714.63 ,14338.50 ,12948.88 ,11702.82 ,9451.26 ,7655.18 ,6480.33 ,5500.25 ,4670.53 ,4056.76 ,3495.94 ,2830.46 ,2450.48 ,2175.68 ,2003.07 ,1962.98 ,1851.98 ,1715.18 
Gross Regional Product,Shandong,87435.10 ,83095.90 ,73129.00 ,71067.53 ,76469.67 ,72634.15 ,68024.49 ,63002.33 ,59426.59 ,54684.33 ,50013.24 ,45361.85 ,39169.92 ,33896.65 ,31072.06 ,25965.91 ,22077.36 ,18516.87 ,15490.73 ,12435.93 ,10552.06 ,9438.31 ,8542.44 ,7662.10 ,7162.20 ,6650.02 
Gross Regional Product,Henan,61345.10 ,58887.40 ,54997.07 ,54259.20 ,48055.86 ,44552.83 ,40471.79 ,37002.16 ,34938.24 ,32155.86 ,29599.31 ,26931.03 ,23092.36 ,19480.46 ,18407.78 ,15012.46 ,12495.97 ,10587.42 ,8815.09 ,7048.59 ,6168.73 ,5640.11 ,5137.66 ,4576.10 ,4356.60 ,4079.26 
Gross Regional Product,Hubei,53734.90 ,50012.90 ,43443.46 ,45828.31 ,39366.55 ,35478.09 ,32665.38 ,29550.19 ,27379.22 ,24668.49 ,22250.45 ,19632.26 ,15967.61 ,12961.10 ,11330.38 ,9230.68 ,7581.32 ,6520.14 ,6309.92 ,5401.71 ,4975.63 ,4662.28 ,4276.32 ,3857.99 ,3704.21 ,3450.24 
Gross Regional Product,Hunan,48670.40 ,46063.10 ,41781.49 ,39752.12 ,36425.78 ,33902.96 ,31551.37 ,28902.21 ,27037.32 ,24501.67 ,22154.23 ,19669.56 ,16037.96 ,13059.69 ,11156.64 ,9200.00 ,7568.89 ,6511.34 ,5612.26 ,4638.73 ,4340.94 ,3983.00 ,3691.88 ,3326.75 ,3211.40 ,2993.00 
Gross Regional Product,Guangdong,129118.60 ,124369.70 ,110760.94 ,107671.07 ,97277.77 ,89705.23 ,80854.91 ,72812.55 ,67809.85 ,62163.97 ,57067.92 ,53210.28 ,46013.06 ,39482.56 ,35696.46 ,31084.40 ,26204.47 ,22366.54 ,16039.46 ,13625.87 ,11769.73 ,10647.71 ,9662.23 ,8464.31 ,7919.12 ,7315.51 
Gross Regional Product,Guangxi,26300.90 ,24740.90 ,22156.69 ,21237.14 ,20352.51 ,18523.26 ,18317.64 ,16803.12 ,15672.89 ,14378.00 ,13035.10 ,11720.87 ,9569.85 ,7759.16 ,7171.58 ,5955.65 ,4828.51 ,4075.75 ,3320.10 ,2735.13 ,2455.36 ,2231.19 ,2050.14 ,1953.27 ,1903.04 ,2015.20 
Gross Regional Product,Hainan,6818.20 ,6475.20 ,5532.39 ,5308.93 ,4832.05 ,4462.54 ,4053.20 ,3702.76 ,3500.72 ,3146.46 ,2855.54 ,2522.66 ,2064.50 ,1654.21 ,1459.23 ,1223.28 ,1052.85 ,894.57 ,769.36 ,670.93 ,604.13 ,545.96 ,518.48 ,471.23 ,438.92 ,409.86 
Gross Regional Product,Chongqing,29129.00 ,27894.00 ,25002.79 ,23605.77 ,20363.19 ,19424.73 ,17740.59 ,15717.27 ,14262.60 ,12656.69 ,11409.60 ,10011.37 ,7925.58 ,6530.01 ,5096.66 ,4122.51 ,3491.57 ,3070.49 ,2665.39 ,2250.56 ,1971.30 ,1749.77 ,1589.34 ,1479.71 ,1429.26 ,1350.10 
Gross Regional Product,Sichuan,56749.80 ,53850.80 ,48598.76 ,46615.82 ,40678.13 ,36980.22 ,32934.54 ,30053.10 ,28536.66 ,26260.77 ,23872.80 ,21026.68 ,17185.48 ,14151.28 ,12506.25 ,10505.30 ,8637.81 ,7385.11 ,6556.01 ,5456.32 ,4875.12 ,4421.76 ,4010.25 ,3711.61 ,3580.26 ,3320.11 
Gross Regional Product,Guizhou,20164.60 ,19586.40 ,17826.56 ,16769.34 ,14806.45 ,13540.83 ,11776.73 ,10502.56 ,9266.39 ,8006.79 ,6852.20 ,5701.84 ,4602.16 ,3912.68 ,3333.40 ,2741.90 ,2282.00 ,1979.06 ,1591.90 ,1356.11 ,1185.04 ,1084.90 ,993.53 ,911.86 ,841.88 ,792.98 
Gross Regional Product,Yunnan,28954.20 ,27146.80 ,24521.90 ,23223.75 ,17881.12 ,16376.34 ,14788.42 ,13619.17 ,12814.59 ,11720.91 ,10309.47 ,8893.12 ,7224.18 ,6169.75 ,5700.10 ,4741.31 ,4006.72 ,3472.89 ,2959.48 ,2465.29 ,2232.32 ,2074.71 ,1955.09 ,1855.74 ,1793.90 ,1644.23 
Gross Regional Product,Tibet,2132.60 ,2080.20 ,1902.74 ,1697.82 ,1477.63 ,1310.92 ,1151.41 ,1026.39 ,920.83 ,807.67 ,701.03 ,605.83 ,507.46 ,441.36 ,395.91 ,342.19 ,291.01 ,251.21 ,211.54 ,184.50 ,161.42 ,138.73 ,117.46 ,105.61 ,91.18 ,76.98 
Gross Regional Product,Shaanxi,32772.70 ,29801.00 ,26181.86 ,25793.17 ,24438.32 ,21898.81 ,19399.59 ,18021.86 ,17689.94 ,16045.21 ,14453.68 ,12512.30 ,10123.48 ,8169.80 ,6851.32 ,5465.79 ,4523.74 ,3675.66 ,2883.51 ,2398.58 ,2035.96 ,1844.27 ,1660.92 ,1487.61 ,1381.53 ,1326.04 
Gross Regional Product,Gansu,11201.60 ,10243.30 ,9016.70 ,8718.30 ,8246.07 ,7459.90 ,7200.37 ,6790.32 ,6836.82 ,6268.01 ,5650.20 ,5020.37 ,4120.75 ,3387.56 ,3176.11 ,2702.40 ,2276.70 ,1933.98 ,1558.93 ,1304.60 ,1161.43 ,1072.51 ,983.36 ,931.98 ,869.75 ,781.34 
Gross Regional Product,Qinghai,3610.10 ,3346.60 ,3005.92 ,2965.95 ,2865.23 ,2624.83 ,2572.49 ,2417.05 ,2303.32 ,2101.05 ,1893.54 ,1670.44 ,1350.43 ,1081.27 ,961.53 ,783.61 ,641.58 ,543.32 ,465.73 ,390.21 ,341.11 ,300.95 ,263.59 ,238.39 ,220.16 ,202.05 
Gross Regional Product,Ningxia,5069.60 ,4522.30 ,3920.55 ,3748.48 ,3705.18 ,3443.56 ,3168.59 ,2911.77 ,2752.10 ,2565.06 ,2341.29 ,2102.21 ,1689.65 ,1353.31 ,1098.51 ,889.20 ,710.76 ,606.10 ,460.35 ,385.34 ,329.28 ,298.38 ,265.57 ,241.49 ,227.46 ,210.92 
Gross Regional Product,Xinjiang,17741.30 ,15983.60 ,13797.58 ,13597.11 ,12199.08 ,10881.96 ,9649.70 ,9324.80 ,9273.46 ,8360.24 ,7505.31 ,6610.05 ,5437.47 ,4277.05 ,4203.41 ,3523.16 ,3045.26 ,2604.19 ,2200.15 ,1877.61 ,1598.28 ,1485.48 ,1364.36 ,1168.55 ,1116.67 ,1050.14 
energy,Beijing,6605.10 ,7268.60 ,5716.37 ,5715.06 ,5711.06 ,5326.76 ,4944.44 ,4542.64 ,4544.80 ,4352.30 ,4059.27 ,3752.48 ,3388.38 ,2855.55 ,2693.15 ,2509.40 ,2191.43 ,2026.51 ,1610.37 ,1311.86 ,1116.53 ,1030.60 ,943.51 ,840.23 ,786.85 ,738.56 
energy,Tianjin,6038.90 ,5854.30 ,4804.08 ,4969.18 ,4549.02 ,7593.59 ,7571.35 ,7704.22 ,7731.85 ,7276.68 ,6663.82 ,5928.32 ,4840.23 ,3987.84 ,3821.07 ,2892.53 ,2488.29 ,2051.17 ,1560.16 ,1245.29 ,1001.90 ,904.64 ,820.17 ,711.93 ,660.00 ,643.88 
energy,Hebei,17050.10 ,16364.20 ,13597.20 ,13597.26 ,12507.26 ,15846.21 ,15256.93 ,14386.87 ,15012.85 ,14762.10 ,14003.57 ,13126.86 ,10707.68 ,8959.83 ,8777.42 ,7241.80 ,6115.01 ,5232.50 ,4635.23 ,3657.19 ,3046.00 ,2767.41 ,2559.96 ,2243.59 ,2084.33 ,1934.38 
energy,Shanxi,13840.80 ,11213.10 ,7675.44 ,7453.09 ,7154.09 ,6778.89 ,5028.99 ,5194.27 ,6293.91 ,6792.68 ,6731.56 ,6635.26 ,5234.00 ,3993.80 ,4265.77 ,3438.58 ,2748.33 ,2353.16 ,1810.08 ,1389.33 ,1083.79 ,917.98 ,827.59 ,760.72 ,856.13 ,789.45 
energy,Inner Mongolia,11241.80 ,9374.20 ,6868.03 ,6818.88 ,6218.88 ,6399.68 ,8553.63 ,9000.58 ,9119.79 ,9084.19 ,8801.50 ,8037.69 ,6367.69 ,5114.00 ,4271.03 ,3154.56 ,2327.44 ,1773.21 ,1332.47 ,973.94 ,728.34 ,626.47 ,556.28 ,515.46 ,479.53 ,445.50 
energy,Liaoning,11755.80 ,10875.20 ,9400.91 ,9531.24 ,9211.24 ,9199.80 ,8606.54 ,13041.97 ,14384.64 ,14269.46 ,13230.49 ,12152.15 ,9976.82 ,7906.34 ,7512.11 ,5853.10 ,4729.50 ,3953.28 ,3278.88 ,2898.89 ,2609.85 ,2440.55 ,2344.40 ,2001.48 ,1855.22 ,1743.87 
energy,Jilin,4628.30 ,4768.30 ,4326.22 ,4134.82 ,4004.02 ,6998.51 ,7004.95 ,7005.71 ,7286.59 ,6858.23 ,6376.77 ,5611.48 ,4506.31 ,3541.92 ,3064.63 ,2475.45 ,1915.29 ,1580.83 ,1379.31 ,1143.39 ,978.37 ,880.84 ,800.28 ,671.74 ,597.29 ,575.43 
energy,Heilongjiang,4648.90 ,3975.30 ,3483.51 ,3615.21 ,2815.01 ,4060.60 ,4400.69 ,4798.08 ,5544.41 ,5918.22 ,6037.61 ,6330.53 ,5204.11 ,4060.72 ,4365.90 ,3695.58 ,3365.31 ,2971.68 ,3155.33 ,2532.45 ,2169.15 ,1998.74 ,1868.55 ,1587.76 ,1506.76 ,1449.25 
energy,Shanghai,11458.40 ,11449.30 ,10289.47 ,10299.16 ,10339.16 ,9330.67 ,8406.28 ,7991.00 ,8167.71 ,8027.77 ,7854.77 ,7927.89 ,7218.32 ,6001.78 ,6235.92 ,5678.51 ,5028.37 ,4452.92 ,3788.22 ,3130.72 ,2564.69 ,2355.53 ,2163.68 ,1953.98 ,1847.20 ,1754.39 
energy,Jiangsu,55888.70 ,51775.40 ,44226.43 ,44270.51 ,42150.51 ,38654.87 ,34619.50 ,32044.45 ,30854.50 ,29094.03 ,27121.95 ,25203.28 ,21753.93 ,18566.37 ,16663.81 ,14306.40 ,12250.84 ,10355.03 ,8716.11 ,6787.11 ,5550.98 ,4907.46 ,4435.89 ,3920.15 ,3640.10 ,3411.86 
energy,Zhejiang,33205.20 ,31188.60 ,26412.95 ,26566.60 ,22566.30 ,22232.08 ,21194.61 ,19711.67 ,19175.06 ,18446.65 ,17316.32 ,16555.58 ,14297.93 ,11908.49 ,11580.33 ,10148.45 ,8509.57 ,7166.15 ,6045.00 ,4941.00 ,3982.00 ,3459.75 ,3183.47 ,2902.81 ,2709.08 ,2509.56 
energy,Anhui,18588.00 ,17613.20 ,15671.69 ,15337.90 ,10027.90 ,12838.28 ,11821.58 ,10946.83 ,11077.67 ,10403.96 ,9404.84 ,8309.38 ,6436.62 ,4905.22 ,4137.35 ,3289.12 ,2648.13 ,2221.17 ,2169.82 ,1780.60 ,1552.21 ,1415.32 ,1296.31 ,1278.91 ,1253.53 ,1260.90 
energy,Fujian,25078.20 ,22866.30 ,20328.80 ,20581.74 ,20101.72 ,15354.29 ,14093.47 ,13064.82 ,12515.36 ,11315.30 ,10187.94 ,9069.20 ,7522.83 ,6005.30 ,5415.77 ,4549.42 ,3743.71 ,3200.26 ,2950.33 ,2492.73 ,2159.94 ,1904.21 ,1711.16 ,1507.29 ,1444.73 ,1293.50 
energy,Jiangxi,14359.60 ,13183.20 ,11084.83 ,10939.83 ,10210.83 ,9627.98 ,8829.54 ,8411.57 ,8247.93 ,7671.38 ,6942.59 ,6390.55 ,5122.88 ,3919.45 ,3414.88 ,2840.92 ,2320.74 ,1917.47 ,1595.74 ,1227.38 ,951.77 ,788.12 ,700.76 ,758.15 ,740.33 ,658.25 
energy,Shandong,35014.20 ,33187.20 ,28612.19 ,28310.92 ,22210.91 ,32942.84 ,31343.67 ,29485.90 ,28788.11 ,27422.47 ,25735.73 ,24017.11 ,21238.49 ,18901.83 ,17702.17 ,14776.53 ,12751.20 ,10628.62 ,8724.52 ,6656.85 ,5309.54 ,4654.51 ,4244.40 ,3705.44 ,3457.03 ,3185.05 
energy,Henan,25465.00 ,24331.60 ,22875.33 ,23605.79 ,20105.79 ,21105.52 ,19275.82 ,17917.37 ,17816.56 ,17806.39 ,16672.20 ,15427.08 ,13226.38 ,11010.50 ,10477.92 ,8282.83 ,6724.61 ,5514.14 ,4515.35 ,3551.94 ,2951.06 ,2659.04 ,2413.78 ,2070.88 ,2012.74 ,1920.05 
energy,Hubei,21240.60 ,18952.90 ,17023.90 ,19098.62 ,11398.62 ,15441.75 ,14654.38 ,13503.56 ,12852.40 ,12171.56 ,11193.10 ,9815.94 ,7767.24 ,6038.08 ,4963.61 ,3966.68 ,3365.08 ,2810.01 ,2994.67 ,2580.58 ,2446.05 ,2313.66 ,2123.70 ,1887.93 ,1752.91 ,1606.98 
energy,Hunan,19182.60 ,18126.10 ,15937.69 ,14946.98 ,11246.98 ,14145.49 ,13341.17 ,12810.82 ,12482.06 ,11517.35 ,10506.42 ,9361.99 ,7343.19 ,5687.19 ,4933.08 ,3916.44 ,3151.70 ,2596.71 ,2214.41 ,1794.21 ,1737.20 ,1573.00 ,1461.86 ,1297.74 ,1294.17 ,1166.97 
energy,Guangdong,52843.50 ,50219.20 ,43450.17 ,43546.43 ,43236.43 ,38008.06 ,35109.66 ,32613.54 ,31419.75 ,29427.49 ,27700.97 ,26447.38 ,23014.53 ,19419.70 ,18402.64 ,15939.10 ,13431.82 ,11339.93 ,8890.29 ,7307.08 ,5935.63 ,5341.61 ,4868.75 ,4264.32 ,3991.97 ,3647.82 
energy,Guangxi,8938.60 ,8187.90 ,7108.49 ,7077.43 ,6877.43 ,7450.85 ,8273.66 ,7717.52 ,7324.96 ,6863.04 ,6247.43 ,5675.32 ,4511.68 ,3381.54 ,3037.74 ,2425.29 ,1878.56 ,1510.68 ,1288.26 ,1007.96 ,863.96 ,791.85 ,748.00 ,695.83 ,678.19 ,759.54 
energy,Hainan,1310.90 ,1238.80 ,1055.26 ,1099.03 ,899.00 ,996.35 ,905.95 ,875.82 ,875.97 ,871.29 ,804.47 ,714.50 ,571.00 ,443.43 ,434.40 ,364.26 ,287.86 ,220.07 ,180.41 ,151.16 ,125.33 ,111.25 ,102.45 ,94.95 ,90.63 ,82.68 
energy,Chongqing,11693.90 ,11184.90 ,9992.21 ,9496.84 ,9210.84 ,8584.61 ,7898.92 ,7069.37 ,6529.06 ,6397.92 ,5975.18 ,5543.04 ,4359.12 ,3448.77 ,2433.27 ,1892.10 ,1500.97 ,1259.12 ,1181.24 ,977.30 ,827.55 ,727.66 ,657.51 ,604.39 ,585.38 ,563.40 
energy,Sichuan,21157.10 ,19901.40 ,17571.11 ,17365.33 ,13865.33 ,14328.13 ,13448.92 ,13248.08 ,13962.41 ,13579.03 ,12333.28 ,11029.13 ,8672.18 ,6711.87 ,5790.10 ,4641.30 ,3775.19 ,3067.23 ,2690.00 ,2266.06 ,1982.44 ,1756.86 ,1700.49 ,1556.68 ,1527.07 ,1385.38 
energy,Guizhou,7113.00 ,6984.70 ,6211.62 ,6058.45 ,5858.42 ,5428.14 ,4669.53 ,4147.83 ,3857.44 ,3243.70 ,2677.54 ,2194.33 ,1800.06 ,1476.62 ,1408.71 ,1148.27 ,980.78 ,826.63 ,714.66 ,579.31 ,474.68 ,419.74 ,387.85 ,348.59 ,326.03 ,293.47 
energy,Yunnan,10471.20 ,9589.40 ,8287.54 ,7961.58 ,7861.58 ,6204.97 ,5690.16 ,5416.12 ,5281.82 ,4927.82 ,4419.20 ,3780.32 ,3223.49 ,2582.53 ,2451.09 ,2051.08 ,1712.60 ,1432.76 ,1314.19 ,1069.29 ,951.48 ,881.49 ,843.24 ,825.12 ,828.37 ,750.01 
energy,Tibet,804.70 ,757.30 ,798.25 ,635.62 ,622.62 ,513.65 ,429.17 ,376.19 ,336.84 ,292.92 ,242.85 ,208.79 ,163.92 ,136.63 ,115.76 ,98.48 ,80.10 ,63.52 ,57.61 ,47.99 ,32.93 ,32.18 ,27.21 ,24.00 ,20.24 ,16.95 
energy,Shaanxi,15933.10 ,13802.50 ,11362.58 ,11980.75 ,10000.75 ,10882.88 ,9490.72 ,9082.13 ,9577.24 ,8911.64 ,8073.87 ,6935.59 ,5446.10 ,4236.42 ,3842.08 ,2964.56 ,2440.50 ,1849.28 ,1416.82 ,1133.56 ,925.78 ,816.34 ,731.90 ,641.90 ,567.66 ,555.86 
energy,Gansu,3945.00 ,3466.60 ,2852.03 ,2862.42 ,2712.42 ,2561.79 ,2515.56 ,2494.77 ,2926.45 ,2821.04 ,2600.09 ,2377.83 ,1984.97 ,1527.24 ,1471.43 ,1279.32 ,1043.19 ,838.56 ,758.18 ,607.62 ,530.36 ,481.07 ,439.88 ,423.79 ,382.00 ,343.40 
energy,Qinghai,1585.70 ,1332.60 ,1143.55 ,1159.75 ,1009.75 ,1162.41 ,1249.98 ,1207.31 ,1234.31 ,1204.31 ,1092.34 ,975.18 ,744.63 ,575.33 ,529.40 ,417.78 ,331.16 ,264.61 ,227.06 ,184.26 ,154.01 ,132.18 ,114.00 ,97.88 ,88.42 ,78.80 
energy,Ningxia,2449.10 ,2021.60 ,1608.96 ,1584.72 ,1494.82 ,1580.57 ,1488.44 ,1379.60 ,1341.24 ,1264.96 ,1159.37 ,1056.15 ,827.91 ,662.32 ,581.24 ,451.82 ,349.83 ,281.23 ,239.42 ,192.00 ,151.16 ,134.37 ,120.04 ,102.68 ,94.01 ,87.65 
energy,Xinjiang,7271.10 ,5967.40 ,4744.45 ,4795.50 ,4705.60 ,4330.89 ,3647.01 ,3596.40 ,3948.96 ,3765.97 ,3481.56 ,3225.90 ,2592.15 ,1929.59 ,2086.74 ,1647.55 ,1459.30 ,1164.79 ,1010.07 ,796.84 ,672.10 ,630.37 ,586.84 ,460.71 ,430.73 ,413.29 
industry,Beijing,5036.40 ,5692.50 ,4216.48 ,4241.10 ,4151.20 ,4274.00 ,4026.68 ,3710.88 ,3746.77 ,3536.89 ,3294.32 ,3048.79 ,2763.99 ,2303.08 ,2198.49 ,2082.76 ,1821.86 ,1707.04 ,1290.16 ,1032.03 ,874.15 ,816.24 ,745.32 ,649.34 ,610.66 ,588.36 
industry,Tianjin,5402.70 ,5224.60 ,4188.13 ,4394.27 ,4304.37 ,6863.98 ,6805.13 ,6982.66 ,7079.10 ,6678.60 ,6123.06 ,5430.84 ,4410.85 ,3622.11 ,3533.86 ,2661.87 ,2292.73 ,1885.04 ,1436.73 ,1136.24 ,909.24 ,821.18 ,747.28 ,640.21 ,587.83 ,580.21 
industry,Hebei,14675.30 ,14097.70 ,11545.87 ,11503.03 ,11413.13 ,13757.84 ,13387.46 ,12626.17 ,13330.66 ,13194.76 ,12511.60 ,11770.38 ,9554.03 ,7983.86 ,7967.62 ,6555.24 ,5490.54 ,4665.21 ,4086.43 ,3212.96 ,2695.69 ,2439.56 ,2246.73 ,1950.21 ,1822.05 ,1701.42 
industry,Shanxi,12758.60 ,10159.30 ,6733.92 ,6569.51 ,6479.61 ,5771.22 ,4148.91 ,4359.60 ,5471.01 ,6032.99 ,6023.55 ,5959.96 ,4657.97 ,3518.88 ,3919.80 ,3141.89 ,2485.06 ,2117.68 ,1568.47 ,1192.74 ,921.99 ,779.78 ,706.39 ,650.62 ,745.47 ,703.02 
industry,Inner Mongolia,9703.80 ,7911.90 ,5547.53 ,5514.34 ,5424.44 ,5109.00 ,7233.00 ,7739.18 ,7904.40 ,7944.40 ,7735.78 ,7101.60 ,5618.40 ,4503.33 ,3798.60 ,2742.67 ,1978.19 ,1477.88 ,1015.66 ,721.59 ,573.30 ,506.69 ,455.21 ,428.33 ,399.42 ,374.34 
industry,Liaoning,10239.10 ,9339.80 ,7938.10 ,8164.55 ,8074.65 ,7302.41 ,6818.32 ,11270.82 ,12656.83 ,12510.27 ,11605.07 ,10696.54 ,8789.27 ,6925.63 ,6735.74 ,5199.89 ,4175.33 ,3489.58 ,2832.99 ,2556.82 ,2331.95 ,2190.12 ,2114.89 ,1795.71 ,1664.05 ,1567.56 
industry,Jilin,3737.90 ,3839.50 ,3501.19 ,3347.82 ,3257.92 ,6057.29 ,6070.07 ,6112.05 ,6424.88 ,6033.35 ,5582.48 ,4917.95 ,3929.31 ,3054.60 ,2686.98 ,2170.74 ,1659.29 ,1363.94 ,1142.08 ,929.28 ,803.53 ,724.73 ,655.68 ,552.34 ,504.12 ,495.10 
industry,Heilongjiang,4257.60 ,3658.80 ,3143.98 ,3291.05 ,3201.15 ,3332.59 ,3647.14 ,4053.77 ,4783.88 ,5090.34 ,5240.65 ,5602.76 ,4608.27 ,3549.73 ,3927.58 ,3326.90 ,3049.04 ,2696.30 ,2814.42 ,2248.59 ,1916.04 ,1767.79 ,1664.35 ,1399.85 ,1332.00 ,1304.86 
industry,Shanghai,10794.50 ,10738.80 ,9656.51 ,9670.68 ,9580.78 ,8392.84 ,7555.34 ,7162.33 ,7362.84 ,7236.69 ,7097.76 ,7208.59 ,6536.21 ,5408.75 ,5784.99 ,5298.08 ,4670.11 ,4129.52 ,3492.89 ,2865.85 ,2312.77 ,2121.19 ,1956.66 ,1758.68 ,1646.70 ,1580.15 
industry,Jiangsu,48593.60 ,44634.10 ,37744.85 ,37825.32 ,37735.42 ,34013.60 ,30455.15 ,27996.43 ,26962.97 ,25612.24 ,23908.47 ,22280.61 ,19277.65 ,16464.94 ,15068.98 ,13016.84 ,11110.24 ,9334.69 ,7714.40 ,6004.65 ,4826.58 ,4270.90 ,3848.52 ,3387.99 ,3157.69 ,3016.44 
industry,Zhejiang,28871.30 ,27015.30 ,22654.39 ,22840.53 ,22750.63 ,19474.48 ,18655.12 ,17217.47 ,16771.90 ,16368.43 ,15338.02 ,14683.03 ,12657.78 ,10518.21 ,10359.77 ,9095.65 ,7590.57 ,6349.34 ,5381.40 ,4381.00 ,3580.00 ,3106.29 ,2883.37 ,2630.00 ,2445.43 ,2254.90 
industry,Anhui,13792.00 ,13081.70 ,11662.21 ,11454.85 ,11364.95 ,10916.31 ,10076.94 ,9264.82 ,9455.48 ,8928.02 ,8025.84 ,7062.00 ,5407.40 ,4064.72 ,3487.53 ,2752.08 ,2190.18 ,1818.45 ,1735.99 ,1445.60 ,1290.52 ,1191.62 ,1100.45 ,1135.98 ,1112.97 ,1149.04 
industry,Fujian,19628.80 ,17787.60 ,15745.55 ,16170.45 ,16080.55 ,12674.89 ,11698.36 ,10820.22 ,10426.71 ,9455.32 ,8541.94 ,7675.09 ,6397.71 ,5106.38 ,4755.45 ,4018.42 ,3311.59 ,2842.43 ,2532.68 ,2147.00 ,1882.55 ,1645.34 ,1470.07 ,1268.95 ,1208.75 ,1092.15 
industry,Jiangxi,11770.30 ,10773.40 ,8952.70 ,8965.81 ,8875.91 ,7789.59 ,7219.11 ,6918.00 ,6848.63 ,6434.41 ,5828.20 ,5411.86 ,4286.76 ,3196.56 ,2766.93 ,2277.69 ,1806.15 ,1455.50 ,1110.74 ,849.32 ,693.18 ,595.55 ,539.78 ,613.12 ,609.26 ,548.39 
industry,Shandong,28739.00 ,27243.60 ,23110.99 ,22985.13 ,22895.23 ,28705.69 ,27588.70 ,25910.75 ,25340.86 ,24222.16 ,22798.33 ,21275.89 ,18861.45 ,16896.14 ,16102.19 ,13412.72 ,11555.99 ,9568.58 ,7799.31 ,5860.63 ,4629.54 ,4092.24 ,3737.38 ,3251.77 ,3052.44 ,2830.05 
industry,Henan,19592.80 ,18785.30 ,17771.96 ,18413.21 ,18323.31 ,18452.06 ,17042.72 ,15823.33 ,15809.09 ,15960.60 ,15017.56 ,13949.32 ,11950.88 ,9900.27 ,9546.08 ,7508.33 ,6031.21 ,4896.01 ,3862.18 ,3034.14 ,2531.72 ,2279.89 ,2078.94 ,1788.84 ,1742.18 ,1681.25 
industry,Hubei,17546.30 ,15693.90 ,14249.78 ,16087.33 ,15997.43 ,13060.08 ,12536.39 ,11532.37 ,10992.79 ,10531.37 ,9735.15 ,8538.04 ,6726.53 ,5183.68 ,4330.20 ,3451.62 ,2929.19 ,2436.55 ,2593.88 ,2254.50 ,2168.42 ,2066.47 ,1903.28 ,1692.46 ,1579.26 ,1453.31 
industry,Hunan,15025.30 ,14162.30 ,12363.48 ,11630.55 ,11540.65 ,11879.94 ,11337.28 ,10945.81 ,10749.88 ,10001.00 ,9138.50 ,8122.75 ,6305.11 ,4819.40 ,4280.16 ,3375.87 ,2694.11 ,2189.91 ,1781.14 ,1452.86 ,1440.80 ,1309.50 ,1230.71 ,1096.56 ,1117.61 ,1019.12 
industry,Guangdong,47723.00 ,45142.90 ,38903.90 ,39398.46 ,39308.56 ,35291.83 ,32650.89 ,30259.49 ,29144.15 ,27426.26 ,25810.07 ,24649.60 ,21462.72 ,18091.56 ,17254.04 ,14910.03 ,12500.22 ,10482.03 ,8011.15 ,6532.98 ,5288.53 ,4732.41 ,4295.03 ,3705.88 ,3463.12 ,3158.74 
industry,Guangxi,6775.90 ,6074.50 ,5221.24 ,5277.57 ,5187.67 ,5822.93 ,6816.64 ,6359.82 ,6065.34 ,5749.65 ,5279.26 ,4851.37 ,3860.46 ,2863.84 ,2627.39 ,2090.10 ,1592.33 ,1264.84 ,1044.83 ,813.81 ,699.16 ,648.19 ,619.84 ,579.26 ,569.90 ,669.96 
industry,Hainan,770.10 ,683.60 ,536.29 ,588.71 ,498.81 ,528.28 ,482.50 ,485.85 ,514.40 ,551.11 ,521.15 ,475.04 ,385.21 ,300.63 ,321.18 ,278.37 ,217.55 ,156.16 ,119.68 ,102.52 ,83.78 ,71.59 ,65.76 ,59.43 ,55.70 ,49.30 
industry,Chongqing,8276.00 ,7888.70 ,6990.77 ,6656.72 ,6566.82 ,6587.08 ,6183.80 ,5557.52 ,5175.80 ,5249.65 ,4981.01 ,4690.46 ,3697.83 ,2917.40 ,2036.40 ,1572.26 ,1234.12 ,1023.35 ,927.51 ,768.37 ,651.00 ,576.58 ,527.48 ,492.39 ,480.88 ,477.13 
industry,Sichuan,16412.20 ,15428.20 ,13428.65 ,13365.66 ,13275.76 ,11576.16 ,11058.79 ,11039.08 ,11851.99 ,11578.55 ,10550.53 ,9491.05 ,7431.45 ,5678.24 ,4922.84 ,3913.92 ,3144.72 ,2527.08 ,2165.22 ,1771.41 ,1551.48 ,1407.81 ,1393.84 ,1293.53 ,1272.41 ,1175.27 
industry,Guizhou,5493.10 ,5337.50 ,4602.69 ,4545.97 ,4225.97 ,4260.48 ,3715.64 ,3315.58 ,3140.88 ,2686.52 ,2217.06 ,1829.20 ,1516.87 ,1252.67 ,1242.56 ,1007.75 ,855.56 ,714.24 ,574.62 ,457.12 ,370.49 ,335.00 ,314.73 ,284.16 ,273.16 ,250.60 
industry,Yunnan,7197.10 ,6555.80 ,5457.96 ,5301.51 ,5301.51 ,4089.37 ,3891.20 ,3848.26 ,3898.97 ,3767.58 ,3450.72 ,2994.30 ,2604.07 ,2088.17 ,2056.95 ,1711.78 ,1408.76 ,1180.83 ,1053.36 ,872.14 ,780.33 ,723.98 ,697.69 ,680.01 ,699.46 ,651.72 
industry,Tibet,200.80 ,189.90 ,145.16 ,131.72 ,101.72 ,102.16 ,86.44 ,69.88 ,66.16 ,61.16 ,55.35 ,48.18 ,39.73 ,33.11 ,29.68 ,27.62 ,21.71 ,17.48 ,15.43 ,13.77 ,11.61 ,10.84 ,10.13 ,9.97 ,9.02 ,8.13 
industry,Shaanxi,13158.30 ,11256.00 ,8860.11 ,9609.70 ,9309.70 ,8691.79 ,7598.00 ,7344.62 ,7993.39 ,7507.34 ,6847.41 ,5857.92 ,4558.97 ,3501.25 ,3293.95 ,2544.42 ,2094.02 ,1553.60 ,1064.81 ,834.76 ,691.07 ,606.12 ,549.58 ,487.26 ,445.35 ,456.94 
industry,Gansu,3297.20 ,2849.80 ,2288.96 ,2319.75 ,2319.75 ,1763.44 ,1757.53 ,1778.10 ,2263.20 ,2225.22 ,2070.24 ,1923.95 ,1602.87 ,1203.70 ,1221.66 ,1063.84 ,868.13 ,685.80 ,576.22 ,449.81 ,390.61 ,356.51 ,328.41 ,327.68 ,311.80 ,287.10 
industry,Qinghai,1228.70 ,953.10 ,785.90 ,817.49 ,817.49 ,777.56 ,901.68 ,893.87 ,954.27 ,970.53 ,895.89 ,811.73 ,613.65 ,470.33 ,442.85 ,344.52 ,265.12 ,203.94 ,158.64 ,120.77 ,100.19 ,89.20 ,80.55 ,69.96 ,63.44 ,57.69 
industry,Ningxia,2094.00 ,1677.80 ,1283.69 ,1270.02 ,1170.02 ,1096.30 ,1054.34 ,979.72 ,973.53 ,944.50 ,878.63 ,816.79 ,643.05 ,520.38 ,490.14 ,380.22 ,289.33 ,229.07 ,186.30 ,143.31 ,114.80 ,102.23 ,93.00 ,80.70 ,76.07 ,73.18 
industry,Xinjiang,6022.80 ,4691.60 ,3633.33 ,3861.66 ,3261.66 ,3254.18 ,2677.63 ,2740.71 ,3179.60 ,3024.27 ,2850.06 ,2700.20 ,2161.39 ,1555.84 ,1790.70 ,1405.11 ,1241.33 ,961.61 ,745.00 ,571.00 ,473.00 ,450.00 ,422.08 ,317.93 ,300.00 ,303.49 
materials,Beijing,1614.20 ,1619.70 ,1539.83 ,1513.67 ,1313.67 ,1140.76 ,1025.50 ,961.86 ,902.66 ,815.41 ,764.95 ,703.69 ,624.39 ,552.47 ,494.66 ,426.64 ,369.57 ,319.47 ,320.21 ,279.83 ,242.38 ,214.36 ,198.19 ,190.89 ,176.19 ,150.20 
materials,Tianjin,724.60 ,760.20 ,719.73 ,693.76 ,682.76 ,745.66 ,786.89 ,740.31 ,686.98 ,598.08 ,540.76 ,497.48 ,429.38 ,365.73 ,287.21 ,230.66 ,195.56 ,166.13 ,123.43 ,109.05 ,92.66 ,83.46 ,72.89 ,71.72 ,72.17 ,63.67 
materials,Hebei,2413.60 ,2303.90 ,2087.40 ,2129.89 ,2020.89 ,2109.03 ,1885.27 ,1780.49 ,1703.63 ,1567.34 ,1491.97 ,1356.48 ,1153.65 ,975.97 ,809.80 ,686.56 ,624.47 ,567.29 ,548.80 ,444.23 ,350.31 ,327.85 ,313.23 ,293.38 ,262.28 ,232.96 
materials,Shanxi,1093.30 ,1065.40 ,952.53 ,894.76 ,832.76 ,1019.84 ,895.63 ,847.22 ,826.95 ,759.69 ,708.01 ,675.30 ,576.03 ,474.92 ,345.97 ,296.68 ,263.27 ,235.48 ,241.61 ,196.59 ,161.80 ,138.20 ,121.20 ,110.10 ,110.66 ,86.43 
materials,Inner Mongolia,1538.00 ,1462.30 ,1320.51 ,1304.54 ,1204.54 ,1291.45 ,1322.50 ,1263.16 ,1217.62 ,1139.79 ,1065.71 ,936.09 ,749.29 ,610.67 ,472.43 ,411.89 ,349.24 ,295.33 ,316.81 ,252.35 ,155.04 ,119.78 ,101.07 ,87.13 ,80.11 ,71.16 
materials,Liaoning,1598.70 ,1646.00 ,1539.74 ,1482.05 ,1482.05 ,1999.28 ,1880.85 ,1881.32 ,1875.69 ,1759.19 ,1625.42 ,1455.61 ,1187.55 ,980.71 ,776.37 ,653.21 ,554.17 ,463.70 ,445.90 ,342.07 ,277.90 ,250.43 ,229.51 ,205.77 ,191.17 ,176.31 
materials,Jilin,927.20 ,959.90 ,843.59 ,808.63 ,808.63 ,964.14 ,960.87 ,927.06 ,891.40 ,824.88 ,794.29 ,693.53 ,577.00 ,487.32 ,377.65 ,304.71 ,256.00 ,216.89 ,237.23 ,214.11 ,174.84 ,156.11 ,144.60 ,119.40 ,93.17 ,80.33 
materials,Heilongjiang,460.30 ,442.10 ,412.78 ,419.16 ,419.16 ,852.78 ,874.23 ,850.09 ,845.15 ,827.88 ,796.96 ,727.77 ,595.84 ,510.99 ,438.32 ,368.68 ,316.27 ,275.38 ,340.92 ,283.86 ,253.11 ,230.95 ,204.20 ,187.91 ,174.76 ,144.39 
materials,Shanghai,743.60 ,798.50 ,719.64 ,716.16 ,716.16 ,970.79 ,879.81 ,855.22 ,831.86 ,791.08 ,757.01 ,719.30 ,682.11 ,593.03 ,450.93 ,380.43 ,358.26 ,323.40 ,295.33 ,264.87 ,251.92 ,234.34 ,207.02 ,195.30 ,200.50 ,174.24 
materials,Jiangsu,7377.80 ,7184.10 ,6530.85 ,6493.54 ,6493.54 ,4651.75 ,4173.66 ,4055.42 ,3899.47 ,3481.79 ,3213.48 ,2922.67 ,2476.28 ,2101.43 ,1594.83 ,1289.56 ,1140.60 ,1020.34 ,1001.71 ,782.46 ,724.40 ,636.56 ,587.37 ,532.16 ,482.41 ,395.42 
materials,Zhejiang,4388.10 ,4225.20 ,3812.20 ,3779.55 ,3779.55 ,2845.48 ,2610.72 ,2558.38 ,2467.10 ,2078.22 ,1978.30 ,1872.55 ,1640.15 ,1390.28 ,1220.56 ,1052.80 ,919.00 ,816.81 ,663.60 ,560.00 ,402.00 ,353.46 ,300.10 ,272.81 ,263.65 ,254.66 
materials,Anhui,4819.40 ,4559.30 ,4032.69 ,3905.71 ,3905.71 ,1943.56 ,1763.53 ,1698.92 ,1638.32 ,1475.94 ,1379.00 ,1247.38 ,1029.22 ,840.50 ,649.82 ,537.04 ,457.95 ,402.72 ,433.83 ,335.00 ,261.69 ,223.70 ,195.86 ,142.93 ,140.56 ,111.86 
materials,Fujian,5518.90 ,5140.60 ,4654.13 ,4482.03 ,4225.50 ,2707.82 ,2421.34 ,2268.86 ,2112.03 ,1859.98 ,1646.00 ,1394.11 ,1125.12 ,898.92 ,660.32 ,531.00 ,432.12 ,357.83 ,417.65 ,345.73 ,277.39 ,258.87 ,241.09 ,238.34 ,235.98 ,201.35 
materials,Jiangxi,2597.20 ,2418.40 ,2139.11 ,1980.99 ,1724.46 ,1838.95 ,1610.91 ,1493.77 ,1399.59 ,1236.97 ,1114.39 ,978.69 ,836.12 ,722.89 ,647.95 ,563.23 ,514.59 ,461.97 ,485.00 ,378.06 ,258.59 ,192.57 ,160.98 ,145.03 ,131.07 ,109.86 
materials,Shandong,6424.50 ,6094.50 ,5616.59 ,5441.91 ,5185.38 ,4276.97 ,3806.31 ,3664.86 ,3534.48 ,3200.31 ,2937.40 ,2741.22 ,2377.04 ,2005.69 ,1599.98 ,1363.81 ,1195.21 ,1060.04 ,925.21 ,796.22 ,680.00 ,562.27 ,507.02 ,453.67 ,404.59 ,355.00 
materials,Henan,5951.60 ,5619.00 ,5183.01 ,5272.97 ,5016.44 ,2694.11 ,2292.04 ,2152.25 ,2077.24 ,1845.79 ,1654.64 ,1477.76 ,1275.50 ,1110.23 ,931.84 ,774.50 ,693.40 ,618.13 ,653.17 ,517.80 ,419.34 ,379.15 ,334.84 ,282.04 ,270.56 ,238.80 
materials,Hubei,3741.50 ,3324.70 ,2827.95 ,3073.13 ,2816.60 ,2459.68 ,2192.97 ,2039.88 ,1925.09 ,1640.19 ,1457.95 ,1277.90 ,1040.71 ,854.40 ,633.41 ,515.06 ,435.89 ,373.46 ,400.79 ,326.08 ,277.63 ,247.19 ,220.42 ,195.47 ,173.65 ,153.67 
materials,Hunan,4174.90 ,3973.40 ,3585.49 ,3327.00 ,3070.47 ,2278.65 ,2016.59 ,1877.70 ,1744.86 ,1516.35 ,1367.92 ,1239.24 ,1038.08 ,867.79 ,652.92 ,540.57 ,457.59 ,406.80 ,433.27 ,341.35 ,296.40 ,263.50 ,231.15 ,201.18 ,176.56 ,147.85 
materials,Guangdong,5247.60 ,5170.10 ,4651.50 ,4255.07 ,3998.54 ,2818.82 ,2551.82 ,2441.85 ,2341.18 ,2001.23 ,1890.90 ,1797.78 ,1551.81 ,1328.14 ,1148.60 ,1029.07 ,931.60 ,857.90 ,879.14 ,774.10 ,647.10 ,609.20 ,573.72 ,558.44 ,528.85 ,489.08 
materials,Guangxi,2180.40 ,2128.80 ,1903.37 ,1816.05 ,1559.52 ,1635.69 ,1458.41 ,1358.56 ,1263.87 ,1113.39 ,968.17 ,823.95 ,651.22 ,517.70 ,410.35 ,335.19 ,286.23 ,245.84 ,243.43 ,194.15 ,164.80 ,143.66 ,128.16 ,116.57 ,108.29 ,89.58 
materials,Hainan,545.60 ,560.70 ,522.61 ,514.47 ,457.94 ,470.01 ,424.50 ,390.41 ,362.77 ,320.18 ,283.32 ,239.46 ,185.79 ,142.80 ,113.22 ,85.89 ,70.31 ,63.91 ,60.73 ,48.64 ,41.55 ,39.66 ,36.69 ,35.52 ,34.93 ,33.38 
materials,Chongqing,3417.90 ,3296.30 ,3001.44 ,2840.12 ,2583.59 ,1997.53 ,1715.12 ,1511.85 ,1353.26 ,1148.27 ,994.17 ,852.58 ,661.29 ,531.37 ,396.87 ,319.84 ,266.85 ,235.77 ,253.73 ,208.93 ,176.55 ,151.08 ,130.03 ,112.00 ,104.50 ,86.27 
materials,Sichuan,4888.60 ,4662.40 ,4277.47 ,4123.48 ,3866.95 ,2838.35 ,2472.96 ,2321.38 ,2225.44 ,2000.48 ,1782.75 ,1538.08 ,1240.73 ,1033.63 ,867.26 ,727.38 ,630.47 ,540.15 ,524.77 ,494.65 ,430.96 ,349.05 ,306.65 ,263.15 ,254.66 ,210.11 
materials,Guizhou,1626.20 ,1653.20 ,1613.51 ,1517.06 ,1260.53 ,1169.47 ,955.44 ,833.44 ,717.69 ,557.18 ,460.48 ,365.13 ,283.19 ,223.95 ,166.15 ,140.52 ,125.22 ,112.39 ,140.04 ,122.19 ,104.19 ,84.74 ,73.12 ,64.43 ,52.87 ,42.87 
materials,Yunnan,3282.40 ,3040.40 ,2834.06 ,2664.64 ,2408.11 ,2123.68 ,1806.22 ,1574.77 ,1389.66 ,1160.24 ,968.48 ,786.02 ,619.42 ,494.36 ,394.14 ,339.30 ,303.84 ,251.93 ,260.83 ,197.15 ,171.15 ,157.51 ,145.55 ,145.11 ,128.91 ,98.29 
materials,Tibet,603.90 ,567.40 ,653.09 ,503.90 ,447.37 ,411.49 ,342.73 ,306.31 ,270.68 ,231.76 ,187.50 ,160.61 ,124.19 ,103.52 ,86.08 ,70.86 ,58.39 ,46.04 ,42.18 ,34.22 ,21.32 ,21.34 ,17.08 ,14.03 ,11.22 ,8.82 
materials,Shaanxi,2893.00 ,2674.20 ,2599.80 ,2482.96 ,2226.43 ,2217.97 ,1943.20 ,1780.85 ,1645.65 ,1404.30 ,1226.46 ,1077.67 ,887.13 ,735.17 ,548.13 ,420.14 ,346.48 ,295.68 ,352.01 ,298.80 ,234.71 ,210.22 ,182.32 ,154.64 ,122.31 ,98.92 
materials,Gansu,657.60 ,625.90 ,572.62 ,552.99 ,556.46 ,811.41 ,776.35 ,730.88 ,681.34 ,595.82 ,529.85 ,453.88 ,382.10 ,323.54 ,249.77 ,215.48 ,175.06 ,152.76 ,181.96 ,157.81 ,139.75 ,124.56 ,111.47 ,96.11 ,70.20 ,56.30 
materials,Qinghai,357.00 ,379.50 ,357.65 ,342.26 ,322.73 ,384.85 ,348.67 ,313.81 ,280.43 ,233.78 ,196.45 ,163.45 ,130.98 ,105.00 ,86.55 ,73.26 ,66.04 ,60.67 ,68.42 ,63.49 ,53.82 ,42.98 ,33.45 ,27.92 ,24.98 ,21.11 
materials,Ningxia,357.20 ,345.10 ,326.78 ,316.17 ,420.64 ,484.36 ,434.20 ,399.98 ,368.37 ,320.46 ,280.74 ,239.36 ,184.86 ,141.94 ,91.10 ,71.60 ,60.50 ,52.16 ,53.12 ,48.69 ,36.36 ,32.14 ,27.04 ,21.98 ,17.94 ,14.47 
materials,Xinjiang,1355.70 ,1371.60 ,1197.03 ,1037.29 ,980.76 ,1159.51 ,1049.93 ,959.03 ,867.54 ,741.70 ,631.50 ,525.70 ,430.76 ,373.75 ,296.04 ,242.44 ,217.97 ,203.18 ,265.07 ,225.84 ,199.10 ,180.37 ,164.76 ,142.78 ,130.73 ,109.80 
optional,Beijing,3110.30 ,3150.60 ,2758.88 ,2856.89 ,2600.36 ,2486.80 ,2372.89 ,2352.34 ,2411.14 ,2372.43 ,2229.77 ,2139.65 ,1888.51 ,1525.03 ,1060.92 ,879.42 ,751.91 ,654.09 ,305.03 ,279.69 ,256.32 ,237.83 ,218.54 ,210.43 ,207.33 ,202.45 
optional,Tianjin,1401.70 ,1496.10 ,1246.22 ,1372.27 ,1515.74 ,2306.98 ,2256.54 ,2070.04 ,1950.71 ,1902.52 ,1680.33 ,1463.89 ,1090.68 ,836.84 ,604.64 ,498.61 ,468.12 ,436.14 ,242.07 ,215.89 ,196.38 ,178.25 ,158.56 ,142.54 ,127.29 ,107.40 
optional,Hebei,3429.10 ,3219.90 ,2887.90 ,2947.53 ,2691.00 ,2833.01 ,2536.85 ,2381.23 ,2255.13 ,2163.95 ,2024.29 ,1780.63 ,1529.26 ,1157.80 ,844.94 ,714.84 ,661.21 ,598.56 ,689.24 ,603.20 ,550.06 ,501.66 ,459.00 ,411.54 ,386.96 ,355.80 
optional,Shanxi,1666.70 ,1618.50 ,1333.17 ,1361.61 ,1105.08 ,1078.54 ,1058.12 ,1077.11 ,990.04 ,1079.48 ,991.08 ,846.65 ,695.51 ,557.86 ,421.82 ,348.61 ,295.61 ,261.24 ,201.24 ,173.93 ,157.98 ,146.00 ,135.19 ,124.61 ,122.94 ,115.07 
optional,Inner Mongolia,1585.30 ,1541.70 ,1359.96 ,1448.34 ,1191.81 ,1815.47 ,1841.71 ,1728.30 ,1756.89 ,1547.04 ,1415.47 ,1216.60 ,1051.96 ,915.89 ,548.42 ,458.42 ,390.90 ,338.12 ,203.36 ,180.79 ,164.12 ,148.18 ,133.45 ,102.99 ,95.49 ,80.28 
optional,Liaoning,2229.10 ,2191.30 ,2002.83 ,2164.38 ,1864.38 ,3002.13 ,2822.87 ,2968.98 ,2653.65 ,2414.31 ,2191.19 ,1960.33 ,1651.66 ,1410.33 ,1239.86 ,1062.34 ,952.66 ,850.33 ,896.00 ,803.21 ,760.26 ,696.51 ,631.64 ,575.78 ,533.15 ,438.31 
optional,Jilin,785.50 ,817.80 ,733.49 ,759.11 ,744.11 ,1208.30 ,1203.14 ,1117.29 ,1059.66 ,1080.58 ,986.46 ,860.47 ,753.37 ,673.12 ,591.41 ,485.96 ,402.37 ,345.02 ,368.30 ,327.67 ,287.78 ,267.37 ,153.74 ,139.13 ,130.80 ,129.92 
optional,Heilongjiang,1294.30 ,1299.00 ,984.03 ,1005.33 ,805.33 ,1857.41 ,1795.83 ,1689.24 ,1585.00 ,1458.12 ,1339.05 ,1060.26 ,880.83 ,757.36 ,632.59 ,530.02 ,460.90 ,413.16 ,479.70 ,424.51 ,385.57 ,350.20 ,320.00 ,255.70 ,246.57 ,231.12 
optional,Shanghai,5068.50 ,5554.00 ,4869.89 ,5023.23 ,4523.23 ,4393.36 ,4119.59 ,3824.22 ,3647.33 ,3533.10 ,3291.93 ,3040.99 ,2594.34 ,2183.85 ,1266.37 ,1077.76 ,929.16 ,840.89 ,706.65 ,649.11 ,602.29 ,550.35 ,485.30 ,445.77 ,412.04 ,380.78 
optional,Jiangsu,13350.70 ,13163.40 ,11108.67 ,10901.27 ,8901.27 ,8070.23 ,7470.27 ,6992.68 ,6559.03 ,6273.46 ,5704.66 ,5341.39 ,4447.50 ,3579.81 ,3026.27 ,2432.88 ,2028.80 ,1816.46 ,1404.70 ,1204.61 ,1066.77 ,955.07 ,857.57 ,782.38 ,724.85 ,683.86 
optional,Zhejiang,9404.20 ,8768.30 ,7502.42 ,7470.08 ,7020.08 ,6217.29 ,5754.19 ,5245.03 ,4911.71 ,4111.44 ,3684.34 ,3288.53 ,2646.14 ,2119.39 ,2027.59 ,1711.20 ,1435.97 ,1258.21 ,1335.40 ,1159.25 ,1035.26 ,908.83 ,827.78 ,712.42 ,665.80 ,617.69 
optional,Anhui,4240.80 ,4073.90 ,3516.69 ,3429.23 ,3219.23 ,1910.47 ,1775.87 ,1640.93 ,1500.28 ,1355.54 ,1223.97 ,1050.61 ,887.66 ,733.19 ,634.14 ,525.71 ,449.63 ,397.70 ,457.80 ,405.49 ,364.35 ,340.80 ,315.00 ,283.55 ,258.60 ,216.66 
optional,Fujian,6230.40 ,5552.50 ,4667.60 ,4242.89 ,4242.89 ,2392.78 ,2204.60 ,2046.29 ,1961.18 ,1789.88 ,1670.26 ,1511.29 ,1310.94 ,1043.42 ,950.65 ,809.15 ,667.79 ,584.63 ,559.35 ,492.59 ,444.20 ,411.51 ,384.17 ,353.48 ,332.59 ,299.87 
optional,Jiangxi,2844.50 ,2536.70 ,2176.24 ,2103.31 ,2103.31 ,1415.12 ,1264.66 ,1186.72 ,1113.95 ,1035.04 ,935.94 ,831.97 ,666.89 ,553.89 ,438.59 ,362.72 ,326.58 ,288.52 ,274.17 ,243.06 ,214.19 ,192.06 ,181.96 ,161.63 ,143.54 ,124.66 
optional,Shandong,11819.10 ,11550.00 ,9751.16 ,9744.83 ,9744.83 ,9283.73 ,9044.95 ,8416.13 ,7826.46 ,7523.79 ,6507.40 ,5400.19 ,4257.40 ,3106.24 ,2363.93 ,1958.24 ,1611.66 ,1387.22 ,1283.28 ,1161.55 ,1047.83 ,891.34 ,785.68 ,720.56 ,665.33 ,599.06 
optional,Henan,4496.50 ,4468.00 ,4106.25 ,4010.80 ,3210.80 ,3263.06 ,2987.25 ,2609.46 ,2278.45 ,2072.59 ,1877.82 ,1586.09 ,1293.50 ,1057.81 ,902.30 ,765.76 ,682.40 ,616.25 ,668.02 ,578.37 ,466.38 ,422.14 ,380.66 ,339.08 ,316.81 ,285.98 
optional,Hubei,3593.40 ,3434.70 ,2824.00 ,3347.05 ,3107.05 ,2682.21 ,2485.05 ,2332.27 ,2143.21 ,1903.62 ,1687.52 ,1512.89 ,1291.68 ,979.14 ,899.58 ,749.81 ,649.37 ,575.37 ,622.19 ,558.52 ,510.53 ,473.35 ,442.82 ,403.66 ,373.04 ,349.58 
optional,Hunan,4787.10 ,4563.00 ,4054.43 ,4022.92 ,3756.77 ,2666.71 ,2487.80 ,2323.67 ,2211.82 ,2045.65 ,1849.04 ,1662.34 ,1434.68 ,1221.20 ,766.44 ,650.94 ,558.88 ,516.51 ,527.61 ,465.83 ,422.55 ,382.40 ,348.10 ,315.04 ,291.73 ,270.12 
optional,Guangdong,12319.70 ,12105.50 ,10634.94 ,11153.04 ,10886.89 ,8976.59 ,8382.48 ,7625.98 ,7778.82 ,7039.20 ,6333.62 ,5681.17 ,4647.76 ,3907.43 ,3306.97 ,2805.16 ,2542.45 ,2222.72 ,1378.72 ,1246.24 ,1140.86 ,1044.40 ,968.99 ,866.83 ,827.16 ,760.25 
optional,Guangxi,2156.30 ,2062.80 ,1820.31 ,1758.95 ,1492.80 ,1326.17 ,1215.06 ,1135.09 ,1112.96 ,1083.06 ,982.18 ,803.48 ,656.83 ,551.14 ,614.80 ,510.21 ,439.39 ,389.43 ,376.49 ,344.78 ,318.46 ,295.15 ,277.73 ,260.33 ,243.50 ,223.52 
optional,Hainan,958.80 ,955.00 ,653.34 ,533.03 ,466.88 ,496.72 ,467.80 ,440.75 ,418.09 ,344.49 ,300.52 ,258.06 ,220.65 ,168.75 ,147.23 ,121.10 ,104.10 ,91.67 ,94.16 ,83.68 ,76.95 ,72.58 ,68.97 ,63.74 ,60.90 ,58.05 
optional,Chongqing,2816.70 ,2697.50 ,2319.80 ,2192.06 ,1925.91 ,1595.88 ,1470.85 ,1345.38 ,1229.88 ,984.40 ,847.99 ,747.30 ,624.33 ,524.36 ,449.32 ,366.19 ,314.33 ,277.68 ,227.51 ,199.27 ,182.51 ,167.84 ,154.46 ,145.32 ,138.43 ,129.87 
optional,Sichuan,5132.10 ,4929.30 ,4273.50 ,4194.68 ,3928.53 ,2574.15 ,2138.45 ,1871.55 ,1586.78 ,1472.59 ,1342.25 ,1186.58 ,1016.03 ,868.98 ,736.41 ,624.74 ,541.68 ,475.16 ,593.37 ,575.13 ,519.46 ,474.79 ,381.59 ,348.12 ,328.46 ,308.36 
optional,Guizhou,1582.20 ,1562.40 ,1369.48 ,1269.90 ,1003.75 ,812.74 ,732.71 ,671.39 ,624.17 ,582.05 ,514.49 ,448.77 ,367.52 ,293.53 ,208.75 ,174.26 ,148.10 ,131.50 ,114.90 ,101.86 ,92.12 ,84.08 ,77.62 ,75.34 ,69.97 ,63.97 
optional,Yunnan,2990.70 ,2840.40 ,2456.70 ,2389.22 ,2123.07 ,1567.79 ,1441.95 ,1334.62 ,1246.53 ,1162.17 ,1039.64 ,932.21 ,685.38 ,571.03 ,438.06 ,354.32 ,306.20 ,271.48 ,247.43 ,221.42 ,216.63 ,202.22 ,199.63 ,179.57 ,170.15 ,158.29 
optional,Tibet,101.60 ,112.70 ,100.23 ,104.51 ,91.64 ,75.10 ,70.35 ,67.70 ,64.11 ,51.24 ,42.75 ,34.25 ,31.43 ,27.06 ,33.61 ,29.04 ,24.08 ,19.85 ,22.31 ,20.41 ,20.76 ,16.59 ,14.15 ,12.71 ,11.13 ,9.21 
optional,Shaanxi,2103.30 ,2050.10 ,1834.26 ,1880.44 ,1614.29 ,1762.33 ,1604.40 ,1504.04 ,1413.16 ,1293.77 ,1166.90 ,1036.35 ,856.65 ,707.39 ,483.13 ,392.84 ,337.60 ,293.83 ,168.19 ,152.07 ,134.83 ,124.73 ,113.21 ,102.57 ,94.63 ,87.76 
optional,Gansu,795.60 ,763.40 ,659.34 ,646.28 ,580.13 ,563.23 ,536.70 ,508.00 ,491.68 ,440.31 ,398.52 ,351.97 ,272.13 ,231.21 ,196.93 ,166.85 ,145.89 ,130.78 ,158.92 ,142.73 ,132.03 ,123.04 ,114.24 ,108.32 ,99.23 ,90.19 
optional,Qinghai,171.10 ,194.00 ,165.85 ,160.83 ,125.32 ,169.15 ,163.04 ,154.78 ,150.64 ,126.27 ,109.44 ,93.70 ,81.44 ,66.13 ,53.28 ,44.75 ,38.90 ,35.63 ,31.97 ,28.42 ,25.36 ,23.06 ,21.37 ,19.58 ,18.79 ,17.72 
optional,Ningxia,218.80 ,210.70 ,194.34 ,200.85 ,105.30 ,160.92 ,145.41 ,136.97 ,139.07 ,133.44 ,124.66 ,109.99 ,89.50 ,74.52 ,56.32 ,48.11 ,39.69 ,38.65 ,31.75 ,27.96 ,25.29 ,23.45 ,21.60 ,20.52 ,19.64 ,18.48 
optional,Xinjiang,784.40 ,796.80 ,682.20 ,766.09 ,659.94 ,702.18 ,586.32 ,523.58 ,550.67 ,480.94 ,426.65 ,371.90 ,276.28 ,253.60 ,224.31 ,187.10 ,163.15 ,145.10 ,178.05 ,155.60 ,135.21 ,128.16 ,118.08 ,108.72 ,103.34 ,98.45 
public,Beijing,879.20 ,942.50 ,836.52 ,1025.33 ,759.18 ,1208.40 ,1060.97 ,983.87 ,948.10 ,883.58 ,816.31 ,808.95 ,712.01 ,556.64 ,505.74 ,502.61 ,458.29 ,404.66 ,283.09 ,253.80 ,235.56 ,218.53 ,190.12 ,167.54 ,154.45 ,135.79 
public,Tianjin,1061.10 ,871.10 ,815.55 ,787.73 ,521.58 ,780.40 ,725.31 ,729.09 ,720.72 ,725.05 ,683.56 ,632.10 ,585.37 ,471.01 ,320.63 ,294.06 ,252.86 ,227.16 ,285.05 ,244.48 ,230.88 ,203.98 ,178.83 ,155.82 ,133.16 ,113.63 
public,Hebei,3013.30 ,3104.00 ,2890.65 ,2916.01 ,2649.86 ,2497.88 ,2369.27 ,2359.09 ,2396.40 ,2377.59 ,2212.93 ,2046.22 ,1745.91 ,1491.92 ,1281.27 ,1161.63 ,971.50 ,702.00 ,724.34 ,611.96 ,554.91 ,498.81 ,415.79 ,359.85 ,313.40 ,276.61 
public,Shanxi,1198.50 ,1209.40 ,1068.18 ,1006.82 ,740.67 ,1052.14 ,930.75 ,892.81 ,797.13 ,891.66 ,847.44 ,756.29 ,654.08 ,523.38 ,476.52 ,437.62 ,383.38 ,351.19 ,235.77 ,203.77 ,177.60 ,157.20 ,146.01 ,137.67 ,123.80 ,111.31 
public,Inner Mongolia,1317.90 ,1262.40 ,1163.07 ,1202.71 ,936.56 ,1050.02 ,1141.97 ,1087.32 ,1313.68 ,1303.73 ,1185.30 ,1040.03 ,875.61 ,773.29 ,640.50 ,510.42 ,426.16 ,360.19 ,242.96 ,216.76 ,188.08 ,162.79 ,142.59 ,116.64 ,106.05 ,98.05 
public,Liaoning,1367.60 ,1293.60 ,1239.01 ,1313.36 ,1047.21 ,1310.02 ,1245.27 ,1702.80 ,1488.93 ,1384.09 ,1297.18 ,1143.17 ,926.81 ,790.56 ,715.17 ,642.83 ,565.67 ,509.37 ,613.03 ,495.67 ,425.41 ,394.50 ,350.46 ,314.48 ,271.96 ,224.03 
public,Jilin,592.10 ,650.00 ,582.11 ,574.40 ,574.40 ,603.12 ,558.38 ,529.79 ,518.05 ,486.18 ,462.13 ,420.98 ,373.93 ,341.76 ,318.84 ,275.76 ,236.82 ,208.10 ,180.21 ,152.27 ,138.92 ,129.06 ,119.10 ,121.77 ,109.37 ,110.30 
public,Heilongjiang,553.10 ,549.80 ,501.71 ,533.00 ,533.00 ,801.33 ,758.01 ,707.03 ,683.12 ,616.03 ,598.78 ,543.81 ,469.31 ,433.55 ,386.79 ,364.63 ,325.08 ,318.39 ,306.23 ,278.32 ,264.89 ,239.10 ,203.13 ,169.95 ,160.06 ,143.16 
public,Shanghai,1914.50 ,1843.50 ,1474.82 ,1650.44 ,1650.44 ,1344.54 ,1237.32 ,1133.17 ,1044.46 ,935.06 ,895.31 ,868.31 ,834.40 ,635.01 ,769.64 ,723.13 ,669.01 ,582.60 ,489.04 ,420.53 ,382.82 ,344.85 ,315.42 ,271.97 ,244.42 ,227.88 
public,Jiangsu,3655.60 ,3466.20 ,3239.92 ,3157.21 ,3157.21 ,3097.67 ,2837.16 ,2705.44 ,2591.15 ,2530.02 ,2352.40 ,2127.93 ,1768.30 ,1423.25 ,1218.81 ,1039.46 ,928.41 ,741.06 ,945.43 ,821.48 ,717.76 ,644.87 ,557.37 ,484.86 ,435.77 ,369.54 
public,Zhejiang,2375.50 ,2252.00 ,1967.85 ,1962.13 ,1962.13 ,1938.17 ,1774.37 ,1631.88 ,1525.93 ,1326.02 ,1278.91 ,1206.95 ,1076.67 ,888.02 ,827.71 ,739.44 ,630.94 ,512.94 ,834.95 ,700.88 ,602.00 ,503.68 ,428.30 ,364.90 ,321.75 ,288.93 
public,Anhui,2171.70 ,2056.90 ,1970.77 ,1973.87 ,1973.87 ,875.38 ,826.90 ,791.72 ,784.44 ,707.10 ,650.21 ,589.82 ,527.02 ,467.92 ,547.41 ,483.04 ,409.64 ,358.71 ,312.22 ,254.32 ,219.44 ,195.30 ,179.85 ,162.94 ,152.29 ,126.66 
public,Fujian,1960.00 ,1772.70 ,1497.31 ,1484.58 ,1484.58 ,1889.69 ,1689.82 ,1547.30 ,1320.35 ,1176.19 ,1090.07 ,963.85 ,871.16 ,751.42 ,735.44 ,650.25 ,537.11 ,455.18 ,601.42 ,532.04 ,491.00 ,468.49 ,444.13 ,392.88 ,347.25 ,298.72 
public,Jiangxi,1341.70 ,1218.90 ,1104.89 ,1083.72 ,1083.72 ,866.30 ,796.47 ,736.15 ,710.08 ,678.62 ,630.56 ,507.44 ,446.22 ,394.90 ,384.35 ,337.60 ,306.14 ,300.60 ,300.27 ,261.11 ,243.61 ,216.10 ,194.98 ,167.74 ,145.40 ,115.41 
public,Shandong,4911.00 ,4166.80 ,3553.15 ,3636.06 ,3636.06 ,3268.01 ,2725.41 ,2503.65 ,2326.25 ,2746.11 ,2516.19 ,2328.38 ,1971.00 ,1742.33 ,1873.58 ,1399.94 ,1212.33 ,968.64 ,990.65 ,724.62 ,667.75 ,668.49 ,553.17 ,490.90 ,442.20 ,424.36 
public,Henan,3721.10 ,3378.40 ,3052.62 ,2970.41 ,2970.41 ,2162.85 ,1938.06 ,1809.39 ,1676.46 ,1309.30 ,1151.91 ,961.50 ,873.30 ,823.57 ,1043.87 ,866.73 ,739.29 ,625.87 ,678.73 ,561.17 ,491.57 ,442.07 ,391.88 ,333.49 ,299.63 ,268.26 
public,Hubei,2313.90 ,2180.30 ,1780.67 ,2233.45 ,2233.45 ,1420.01 ,1297.48 ,1242.34 ,1181.58 ,1078.11 ,934.96 ,869.48 ,753.61 ,642.72 ,584.19 ,479.92 ,425.37 ,365.71 ,395.82 ,334.59 ,306.43 ,282.45 ,256.94 ,215.85 ,195.56 ,167.68 
public,Hunan,1696.90 ,1652.40 ,1561.04 ,1556.52 ,1556.52 ,1496.01 ,1356.56 ,1291.03 ,1257.64 ,1174.29 ,1077.65 ,948.82 ,832.28 ,704.83 ,523.13 ,477.27 ,426.09 ,366.72 ,425.38 ,359.83 ,322.58 ,294.90 ,277.69 ,240.40 ,216.49 ,195.38 
public,Guangdong,4040.90 ,3957.30 ,3360.13 ,3466.42 ,3466.42 ,3580.94 ,3209.72 ,2928.90 ,2740.76 ,2604.41 ,2367.46 ,2090.36 ,1825.29 ,1595.34 ,1387.51 ,1254.58 ,1113.77 ,990.53 ,1351.62 ,1207.67 ,1157.75 ,1073.81 ,908.45 ,745.15 ,688.83 ,629.34 
public,Guangxi,1098.30 ,1050.50 ,908.81 ,902.04 ,902.04 ,955.70 ,855.67 ,803.10 ,733.63 ,677.77 ,625.57 ,588.20 ,480.17 ,378.75 ,359.46 ,311.22 ,261.14 ,225.20 ,286.44 ,248.22 ,225.81 ,187.66 ,160.87 ,145.30 ,125.04 ,120.06 
public,Hainan,371.90 ,352.80 ,244.08 ,246.93 ,222.93 ,248.94 ,199.89 ,187.80 ,185.15 ,140.96 ,133.40 ,119.74 ,101.90 ,88.68 ,96.53 ,86.36 ,73.81 ,64.34 ,66.81 ,58.19 ,54.62 ,50.76 ,46.97 ,42.37 ,35.03 ,31.70 
public,Chongqing,1084.00 ,1087.30 ,952.87 ,977.14 ,947.14 ,939.46 ,848.22 ,761.31 ,705.83 ,580.93 ,515.15 ,456.25 ,389.55 ,347.98 ,309.59 ,265.74 ,259.59 ,218.97 ,153.83 ,136.56 ,123.97 ,109.48 ,98.19 ,87.22 ,78.93 ,72.43 
public,Sichuan,1587.50 ,1553.60 ,1472.28 ,1468.52 ,1548.52 ,1595.80 ,1472.57 ,1219.77 ,1067.98 ,751.55 ,707.19 ,638.76 ,573.75 ,520.71 ,567.51 ,511.50 ,451.19 ,380.28 ,480.47 ,381.25 ,348.78 ,313.78 ,249.39 ,220.25 ,196.27 ,135.78 
public,Guizhou,838.20 ,817.70 ,725.39 ,709.88 ,709.88 ,1070.22 ,987.47 ,920.36 ,828.69 ,775.09 ,687.45 ,590.91 ,480.32 ,399.77 ,180.45 ,164.38 ,134.63 ,115.82 ,99.64 ,93.11 ,84.35 ,75.37 ,64.59 ,51.33 ,25.04 ,20.72 
public,Yunnan,1335.40 ,1247.80 ,1109.77 ,1113.14 ,1113.14 ,366.59 ,328.41 ,304.49 ,288.47 ,273.51 ,247.53 ,217.22 ,193.26 ,179.45 ,222.06 ,196.06 ,175.98 ,163.08 ,212.56 ,172.52 ,150.56 ,139.01 ,119.77 ,107.95 ,88.90 ,76.02 
public,Tibet,42.50 ,45.40 ,45.72 ,47.76 ,47.76 ,34.08 ,31.26 ,31.76 ,30.80 ,28.80 ,26.23 ,23.95 ,22.12 ,21.19 ,19.90 ,20.48 ,13.62 ,11.10 ,17.78 ,19.21 ,10.93 ,4.79 ,2.12 ,7.37 ,5.08 ,4.09 
public,Shaanxi,1293.80 ,1245.20 ,1135.82 ,1059.86 ,1059.86 ,832.62 ,771.77 ,713.02 ,675.66 ,657.31 ,617.39 ,552.54 ,474.60 ,423.24 ,352.57 ,311.86 ,281.54 ,242.12 ,277.54 ,226.01 ,210.43 ,188.91 ,156.18 ,130.32 ,115.42 ,106.78 
public,Gansu,555.60 ,471.50 ,420.20 ,438.39 ,438.39 ,293.50 ,271.25 ,274.65 ,280.73 ,347.18 ,319.66 ,280.33 ,227.18 ,213.64 ,211.11 ,181.24 ,169.58 ,144.70 ,84.32 ,70.91 ,64.25 ,56.55 ,50.07 ,42.89 ,39.32 ,34.87 
public,Qinghai,155.20 ,140.80 ,120.16 ,123.18 ,123.18 ,103.69 ,94.99 ,90.55 ,81.70 ,74.23 ,71.87 ,67.53 ,61.26 ,49.32 ,40.72 ,40.90 ,35.27 ,31.88 ,36.65 ,32.58 ,27.53 ,23.11 ,19.19 ,16.21 ,13.67 ,12.14 
public,Ningxia,213.50 ,204.00 ,181.88 ,178.21 ,178.21 ,199.31 ,205.75 ,200.66 ,198.92 ,201.71 ,196.49 ,174.10 ,145.17 ,114.77 ,63.83 ,55.56 ,50.46 ,45.81 ,29.90 ,27.84 ,25.58 ,22.95 ,19.31 ,18.03 ,16.11 ,14.33 
public,Xinjiang,845.30 ,703.60 ,613.39 ,953.72 ,953.72 ,668.15 ,567.54 ,536.06 ,480.44 ,422.37 ,357.90 ,256.72 ,222.47 ,209.10 ,191.69 ,177.28 ,165.60 ,149.63 ,138.49 ,121.24 ,131.43 ,118.60 ,121.79 ,108.88 ,92.03 ,75.67 
medical_insurance,Beijing,372.60 ,421.70 ,391.07 ,540.36 ,540.36 ,413.81 ,399.35 ,397.59 ,363.76 ,374.75 ,373.06 ,348.42 ,317.34 ,262.51 ,277.52 ,247.01 ,219.61 ,182.81 ,93.10 ,63.10 ,55.45 ,51.50 ,43.19 ,33.59 ,30.58 ,29.06 
medical_insurance,Tianjin,126.20 ,137.10 ,132.04 ,169.14 ,169.14 ,309.10 ,292.11 ,248.01 ,230.28 ,241.34 ,222.18 ,194.52 ,157.66 ,131.84 ,106.09 ,92.61 ,79.41 ,70.15 ,59.30 ,39.30 ,38.08 ,32.46 ,29.08 ,17.48 ,14.05 ,10.57 
medical_insurance,Hebei,358.30 ,371.20 ,341.82 ,389.04 ,389.04 ,492.66 ,440.39 ,404.43 ,399.86 ,415.18 ,388.87 ,338.91 ,265.02 ,247.14 ,147.82 ,132.55 ,121.96 ,115.22 ,80.05 ,70.05 ,61.88 ,53.87 ,47.79 ,39.14 ,32.42 ,29.31 
medical_insurance,Shanxi,213.80 ,214.60 ,187.49 ,207.05 ,207.05 ,401.77 ,375.75 ,350.72 ,299.16 ,324.59 ,299.67 ,261.33 ,231.62 ,203.58 ,171.07 ,136.50 ,112.95 ,109.39 ,66.58 ,34.58 ,21.18 ,19.25 ,17.33 ,15.75 ,13.99 ,12.92 
medical_insurance,Inner Mongolia,291.60 ,332.90 ,305.00 ,361.54 ,361.54 ,732.29 ,682.12 ,628.87 ,569.25 ,468.85 ,433.94 ,381.64 ,332.24 ,294.73 ,235.55 ,204.09 ,170.03 ,140.11 ,78.18 ,38.18 ,23.47 ,19.79 ,17.39 ,15.27 ,14.06 ,12.39 
medical_insurance,Liaoning,302.90 ,308.70 ,275.23 ,317.61 ,317.61 ,476.87 ,457.00 ,620.27 ,568.77 ,541.90 ,487.49 ,436.13 ,369.61 ,318.80 ,264.02 ,224.06 ,202.99 ,178.84 ,89.50 ,89.50 ,95.51 ,88.40 ,75.34 ,67.49 ,58.63 ,49.31 
medical_insurance,Jilin,163.30 ,189.10 ,159.98 ,192.61 ,192.61 ,374.84 ,368.76 ,328.61 ,283.79 ,267.63 ,240.70 ,205.69 ,180.01 ,157.73 ,142.29 ,117.35 ,97.39 ,83.39 ,65.52 ,37.52 ,34.77 ,29.45 ,24.27 ,22.36 ,21.82 ,20.65 
medical_insurance,Heilongjiang,210.10 ,210.70 ,186.90 ,237.06 ,237.06 ,566.81 ,522.56 ,479.96 ,438.79 ,403.89 ,367.40 ,275.80 ,240.13 ,211.00 ,152.82 ,130.90 ,116.00 ,103.35 ,70.10 ,59.10 ,51.90 ,47.90 ,41.90 ,37.55 ,34.55 ,32.82 
medical_insurance,Shanghai,330.50 ,399.30 ,369.14 ,458.86 ,458.86 ,412.33 ,388.98 ,374.63 ,359.28 ,314.34 ,298.40 ,279.34 ,266.45 ,238.36 ,246.89 ,219.36 ,194.08 ,168.31 ,123.44 ,103.44 ,88.96 ,71.86 ,62.94 ,54.72 ,43.51 ,33.77 
medical_insurance,Jiangsu,1550.70 ,1591.00 ,1427.38 ,1540.21 ,1540.21 ,1406.82 ,1291.32 ,1189.40 ,1094.45 ,1142.79 ,1045.21 ,919.13 ,710.98 ,678.36 ,545.04 ,410.63 ,362.14 ,287.25 ,246.97 ,156.97 ,122.16 ,104.13 ,92.16 ,80.50 ,71.82 ,61.67 
medical_insurance,Zhejiang,1223.60 ,1174.30 ,1019.18 ,1092.28 ,1092.28 ,1218.51 ,1119.00 ,995.02 ,884.91 ,736.34 ,655.74 ,620.25 ,523.67 ,416.84 ,362.81 ,305.96 ,253.89 ,221.27 ,187.64 ,167.64 ,134.22 ,109.03 ,80.89 ,59.29 ,52.44 ,47.40 
medical_insurance,Anhui,825.90 ,798.50 ,698.07 ,759.36 ,759.36 ,500.57 ,458.02 ,417.81 ,347.66 ,298.03 ,268.95 ,252.62 ,193.78 ,157.14 ,162.58 ,132.62 ,112.17 ,99.25 ,70.74 ,70.74 ,46.99 ,41.08 ,35.11 ,31.42 ,26.75 ,20.24 
medical_insurance,Fujian,734.40 ,696.20 ,614.44 ,656.65 ,656.65 ,465.07 ,421.51 ,398.35 ,374.61 ,353.23 ,337.48 ,300.35 ,266.47 ,235.98 ,157.31 ,138.90 ,127.70 ,108.77 ,78.49 ,58.49 ,52.58 ,47.07 ,41.82 ,36.73 ,33.80 ,30.10 
medical_insurance,Jiangxi,555.50 ,506.40 ,429.14 ,447.40 ,447.40 ,465.58 ,425.34 ,391.08 ,353.48 ,339.71 ,310.84 ,270.29 ,200.71 ,167.59 ,104.57 ,86.92 ,76.43 ,67.11 ,28.82 ,28.82 ,24.04 ,22.33 ,20.44 ,19.09 ,17.71 ,16.04 
medical_insurance,Shandong,1276.20 ,1258.90 ,1102.45 ,1173.68 ,1173.68 ,1665.39 ,1440.16 ,1301.36 ,1112.19 ,1187.26 ,1059.47 ,881.58 ,670.97 ,594.50 ,702.04 ,609.68 ,530.36 ,441.26 ,153.81 ,153.81 ,149.27 ,133.64 ,111.41 ,100.72 ,87.45 ,74.55 
medical_insurance,Henan,1066.50 ,1114.20 ,1068.89 ,1150.16 ,1150.16 ,1314.65 ,1110.87 ,1030.80 ,998.35 ,998.47 ,898.36 ,797.99 ,605.23 ,526.51 ,611.09 ,493.40 ,377.94 ,302.23 ,97.91 ,97.91 ,81.15 ,71.84 ,67.37 ,58.58 ,53.93 ,52.34 
medical_insurance,Hubei,1186.50 ,1154.60 ,916.35 ,1248.46 ,1248.46 ,814.18 ,748.61 ,692.21 ,635.32 ,579.73 ,512.02 ,446.52 ,385.11 ,337.81 ,271.48 ,221.07 ,179.51 ,155.45 ,102.12 ,82.12 ,81.59 ,79.08 ,71.24 ,65.23 ,58.00 ,50.79 
medical_insurance,Hunan,951.50 ,913.50 ,827.40 ,922.40 ,922.40 ,705.38 ,666.12 ,603.77 ,545.69 ,503.65 ,460.70 ,406.87 ,354.91 ,304.93 ,215.69 ,184.02 ,151.39 ,127.60 ,113.69 ,113.69 ,95.87 ,85.60 ,77.11 ,61.50 ,48.19 ,40.62 
medical_insurance,Guangdong,1765.20 ,1742.70 ,1605.14 ,1878.20 ,1878.20 ,1646.85 ,1569.37 ,1447.48 ,1333.81 ,1391.84 ,1308.40 ,1192.28 ,1074.85 ,945.76 ,845.56 ,716.18 ,613.68 ,520.63 ,320.55 ,158.02 ,136.06 ,118.69 ,94.36 ,79.03 ,71.44 ,65.06 
medical_insurance,Guangxi,385.90 ,379.80 ,338.80 ,376.87 ,376.87 ,436.13 ,398.17 ,373.03 ,364.15 ,399.52 ,364.46 ,307.88 ,241.34 ,208.00 ,188.59 ,162.35 ,129.18 ,111.82 ,80.10 ,47.10 ,47.29 ,38.99 ,37.33 ,34.58 ,25.59 ,22.32 
medical_insurance,Hainan,231.80 ,256.70 ,221.81 ,269.18 ,269.18 ,221.44 ,191.96 ,174.14 ,154.66 ,110.33 ,98.96 ,89.75 ,69.45 ,60.22 ,42.01 ,35.64 ,30.67 ,27.55 ,15.62 ,6.62 ,6.12 ,5.54 ,5.14 ,4.50 ,4.22 ,4.25 
medical_insurance,Chongqing,567.70 ,550.30 ,488.91 ,501.98 ,501.98 ,424.78 ,391.19 ,355.76 ,321.64 ,229.79 ,189.98 ,166.31 ,142.11 ,132.88 ,111.63 ,91.85 ,77.24 ,66.56 ,33.40 ,33.40 ,30.37 ,27.91 ,23.40 ,20.53 ,18.42 ,16.58 
medical_insurance,Sichuan,1180.10 ,1196.20 ,1064.08 ,1149.18 ,1149.18 ,1023.46 ,941.28 ,859.49 ,751.28 ,685.84 ,621.72 ,562.63 ,478.42 ,405.45 ,360.20 ,309.75 ,259.18 ,221.42 ,78.25 ,78.25 ,72.35 ,64.79 ,56.58 ,48.41 ,43.01 ,37.66 
medical_insurance,Guizhou,449.40 ,461.10 ,397.33 ,417.18 ,417.18 ,439.19 ,400.93 ,360.38 ,322.71 ,294.86 ,266.58 ,224.40 ,180.73 ,153.41 ,82.99 ,64.19 ,45.53 ,39.16 ,36.36 ,28.36 ,24.29 ,23.39 ,17.88 ,15.08 ,13.80 ,10.75 
medical_insurance,Yunnan,653.10 ,590.20 ,534.89 ,599.45 ,599.45 ,523.58 ,478.34 ,437.79 ,413.41 ,373.24 ,330.67 ,278.20 ,190.34 ,162.10 ,118.88 ,97.47 ,80.87 ,74.10 ,54.36 ,54.36 ,47.83 ,40.14 ,35.50 ,32.93 ,29.20 ,22.95 
medical_insurance,Tibet,26.10 ,33.70 ,36.05 ,41.90 ,41.90 ,35.27 ,33.07 ,32.08 ,28.97 ,25.71 ,23.78 ,17.75 ,15.75 ,14.70 ,17.87 ,19.55 ,15.34 ,10.96 ,4.34 ,4.34 ,5.76 ,4.67 ,3.46 ,3.30 ,2.95 ,2.10 
medical_insurance,Shaanxi,400.80 ,399.80 ,376.25 ,428.31 ,428.31 ,497.62 ,457.63 ,432.02 ,365.85 ,339.51 ,312.27 ,266.92 ,218.16 ,175.01 ,127.62 ,106.64 ,87.11 ,74.67 ,62.91 ,42.91 ,31.20 ,27.42 ,24.55 ,23.34 ,22.08 ,19.19 
medical_insurance,Gansu,155.00 ,160.60 ,144.69 ,158.27 ,158.27 ,229.91 ,213.70 ,196.37 ,178.23 ,159.64 ,141.68 ,123.61 ,97.40 ,88.52 ,77.21 ,68.21 ,59.56 ,53.53 ,16.56 ,16.56 ,14.37 ,13.09 ,11.43 ,9.98 ,8.81 ,7.51 
medical_insurance,Qinghai,34.60 ,45.00 ,43.08 ,50.75 ,50.75 ,48.96 ,46.17 ,43.27 ,37.30 ,23.47 ,21.39 ,18.93 ,16.30 ,14.54 ,13.87 ,12.35 ,11.13 ,9.38 ,6.40 ,6.40 ,5.72 ,5.03 ,4.07 ,3.58 ,3.14 ,2.86 
medical_insurance,Ningxia,54.10 ,54.50 ,50.13 ,53.72 ,53.72 ,58.66 ,54.98 ,51.31 ,47.74 ,46.07 ,42.67 ,37.15 ,31.00 ,25.59 ,19.06 ,16.11 ,13.04 ,11.33 ,8.04 ,6.04 ,5.80 ,4.81 ,3.77 ,3.31 ,3.03 ,2.56 
medical_insurance,Xinjiang,135.90 ,157.70 ,142.89 ,181.89 ,181.89 ,180.03 ,160.40 ,155.62 ,142.85 ,120.94 ,108.39 ,77.87 ,68.06 ,62.25 ,63.24 ,57.69 ,51.77 ,45.70 ,36.04 ,26.04 ,23.44 ,21.58 ,14.08 ,14.12 ,11.82 ,10.27 
financial,Beijing,8196.70 ,7603.70 ,7187.97 ,6544.77 ,6544.77 ,4655.37 ,4270.82 ,3926.28 ,3357.71 ,2822.07 ,2536.91 ,2215.41 ,1863.61 ,1603.63 ,1493.58 ,1286.28 ,974.06 ,836.62 ,598.57 ,537.32 ,469.44 ,441.22 ,378.89 ,316.37 ,246.87 ,246.87 
financial,Tianjin,2197.30 ,2153.20 ,2056.73 ,1907.86 ,1907.86 ,1951.75 ,1793.57 ,1603.23 ,1422.28 ,1202.04 ,1001.59 ,756.50 ,572.99 ,461.20 ,360.55 ,288.17 ,186.87 ,159.24 ,129.72 ,107.02 ,73.08 ,63.38 ,55.80 ,109.32 ,120.17 ,120.17 
financial,Hebei,2931.80 ,2724.40 ,2599.55 ,2416.13 ,2416.13 ,2053.44 ,1731.23 ,1480.92 ,1347.58 ,1033.55 ,913.66 ,746.01 ,615.42 ,525.67 ,419.01 ,353.22 ,279.72 ,211.17 ,231.59 ,205.04 ,184.25 ,171.62 ,183.77 ,199.40 ,202.98 ,202.98 
financial,Shanxi,1359.00 ,1284.00 ,1207.68 ,1174.01 ,1174.01 ,1320.05 ,1207.35 ,1140.54 ,897.26 ,736.27 ,639.61 ,519.32 ,448.30 ,361.64 ,189.76 ,160.31 ,138.26 ,122.09 ,80.55 ,88.82 ,95.50 ,110.00 ,103.59 ,95.79 ,101.59 ,101.59 
financial,Inner Mongolia,981.70 ,898.40 ,888.90 ,874.88 ,874.88 ,1099.85 ,992.14 ,829.20 ,724.16 ,563.00 ,502.01 ,447.46 ,346.44 ,291.10 ,166.85 ,137.81 ,87.81 ,67.52 ,30.57 ,27.84 ,26.62 ,25.40 ,24.27 ,23.37 ,27.58 ,27.58 
financial,Liaoning,2138.30 ,2103.50 ,2103.11 ,1985.18 ,1985.18 ,1964.58 ,1829.22 ,1869.46 ,1482.17 ,1136.10 ,969.37 ,755.57 ,639.27 ,560.20 ,345.62 ,298.73 ,250.13 ,212.72 ,159.71 ,145.38 ,137.18 ,131.32 ,127.91 ,125.12 ,164.40 ,164.40 
financial,Jilin,1000.40 ,964.30 ,901.24 ,837.89 ,837.89 ,709.64 ,659.55 ,565.27 ,464.96 ,303.02 ,244.63 ,207.65 ,190.12 ,180.83 ,147.20 ,126.03 ,100.75 ,83.63 ,21.52 ,20.40 ,23.63 ,24.17 ,62.15 ,65.44 ,52.49 ,52.49 
financial,Heilongjiang,1127.20 ,1112.90 ,1052.94 ,995.36 ,995.36 ,932.35 ,900.84 ,847.66 ,707.47 ,551.16 ,485.11 ,350.82 ,288.19 ,227.54 ,155.28 ,135.70 ,67.74 ,33.48 ,38.96 ,37.46 ,35.39 ,33.74 ,32.04 ,117.75 ,109.18 ,109.18 
financial,Shanghai,8626.30 ,7973.30 ,7166.26 ,6600.60 ,6600.60 ,5330.54 ,4765.83 ,4162.70 ,3400.41 ,2823.29 ,2450.36 ,2277.40 ,1950.96 ,1804.28 ,1442.60 ,1209.08 ,825.20 ,675.12 ,740.96 ,624.74 ,584.67 ,619.99 ,685.03 ,577.56 ,459.63 ,459.63 
financial,Jiangsu,9689.90 ,9164.00 ,8405.79 ,7529.61 ,7177.40 ,6783.87 ,6011.13 ,5302.93 ,4723.69 ,3703.69 ,3136.51 ,2600.11 ,2105.92 ,1596.98 ,1483.23 ,1202.10 ,723.79 ,562.42 ,632.88 ,537.77 ,487.57 ,450.64 ,430.68 ,392.18 ,376.04 ,376.04 
financial,Zhejiang,6690.00 ,6159.10 ,5590.60 ,5004.37 ,4652.16 ,3533.05 ,3050.61 ,2922.93 ,2767.44 ,2965.67 ,2762.24 ,2730.29 ,2326.58 ,1899.33 ,1405.20 ,1122.86 ,846.63 ,674.77 ,479.93 ,416.97 ,323.26 ,243.94 ,209.25 ,190.91 ,157.94 ,157.94 
financial,Anhui,2935.10 ,2779.50 ,2553.94 ,2345.64 ,1993.43 ,1663.59 ,1447.02 ,1241.87 ,1046.67 ,735.44 ,617.62 ,503.85 ,396.17 ,359.60 ,183.18 ,154.73 ,130.25 ,112.86 ,140.53 ,126.31 ,114.33 ,106.50 ,100.00 ,89.24 ,83.42 ,83.42 
financial,Fujian,3889.80 ,3623.10 ,3418.36 ,2875.35 ,2523.14 ,2055.53 ,1866.17 ,1681.33 ,1449.82 ,1174.59 ,1015.37 ,862.41 ,767.58 ,612.20 ,468.86 ,364.32 ,229.65 ,179.14 ,292.50 ,252.01 ,227.94 ,201.52 ,187.85 ,175.70 ,157.32 ,157.32 
financial,Jiangxi,2140.50 ,1975.00 ,1808.63 ,1557.50 ,1205.29 ,1107.12 ,1056.30 ,897.65 ,739.70 ,494.78 ,413.07 ,357.44 ,241.49 ,165.10 ,98.06 ,85.72 ,76.13 ,69.55 ,88.39 ,82.15 ,91.93 ,92.70 ,98.84 ,101.15 ,97.40 ,97.40 
financial,Shandong,5203.10 ,4938.60 ,4567.36 ,4177.35 ,3825.14 ,3651.56 ,3364.56 ,2994.66 ,2709.65 ,2265.50 ,1936.11 ,1640.41 ,1361.45 ,1044.90 ,1020.38 ,841.86 ,576.69 ,467.59 ,557.95 ,514.54 ,457.20 ,465.38 ,450.94 ,435.96 ,411.89 ,411.89 
financial,Henan,3301.30 ,3101.60 ,2955.87 ,2793.94 ,2441.73 ,2509.19 ,2256.61 ,1991.11 ,1509.20 ,1181.77 ,1013.60 ,868.20 ,697.68 ,499.92 ,345.36 ,302.31 ,219.72 ,181.74 ,137.49 ,135.32 ,132.50 ,128.13 ,125.30 ,140.33 ,132.57 ,132.57 
financial,Hubei,3639.70 ,3432.70 ,3027.37 ,2783.57 ,2431.36 ,2640.86 ,2318.87 ,1853.12 ,1372.61 ,1073.89 ,870.36 ,674.57 ,561.27 ,479.11 ,393.05 ,337.27 ,174.99 ,127.32 ,313.60 ,283.37 ,250.35 ,232.78 ,205.99 ,193.68 ,161.84 ,161.84 
financial,Hunan,2421.50 ,2288.00 ,2126.44 ,1960.07 ,1607.86 ,1610.31 ,1272.71 ,1104.18 ,950.04 ,706.92 ,579.76 ,501.09 ,463.16 ,402.57 ,245.67 ,211.74 ,184.70 ,123.31 ,171.83 ,157.40 ,145.63 ,143.16 ,140.70 ,129.76 ,119.22 ,119.22 
financial,Guangdong,11825.80 ,11058.10 ,9906.99 ,8881.41 ,8529.20 ,6853.01 ,6127.05 ,5757.08 ,4447.43 ,3817.42 ,3171.96 ,2916.13 ,2658.76 ,2283.29 ,2117.35 ,1798.22 ,932.39 ,673.65 ,461.80 ,418.57 ,398.26 ,369.20 ,371.53 ,283.47 ,271.07 ,271.07 
financial,Guangxi,1834.70 ,1709.20 ,1598.00 ,1469.45 ,1117.24 ,1273.40 ,1136.85 ,1018.01 ,876.47 ,706.91 ,573.05 ,445.37 ,384.53 ,336.82 ,181.32 ,150.35 ,110.20 ,90.83 ,66.43 ,56.15 ,32.20 ,25.76 ,20.42 ,16.75 ,52.06 ,52.06 
financial,Hainan,438.70 ,422.80 ,397.91 ,392.23 ,358.02 ,308.94 ,281.90 ,242.82 ,210.63 ,151.64 ,130.69 ,105.24 ,78.12 ,65.73 ,26.74 ,22.44 ,13.76 ,12.44 ,40.84 ,37.76 ,35.03 ,34.12 ,33.56 ,31.08 ,29.20 ,29.20 
financial,Chongqing,2491.00 ,2459.80 ,2212.80 ,2087.95 ,1735.74 ,1813.73 ,1642.59 ,1410.18 ,1225.27 ,1068.35 ,915.65 ,704.66 ,496.56 ,389.97 ,201.30 ,122.54 ,106.56 ,92.98 ,93.45 ,85.00 ,78.25 ,73.36 ,68.62 ,69.79 ,68.31 ,68.31 
financial,Sichuan,3840.10 ,3618.70 ,3375.75 ,3121.87 ,2769.66 ,3203.27 ,2729.45 ,2202.23 ,1828.09 ,1581.47 ,1303.56 ,868.15 ,654.70 ,524.63 ,459.29 ,359.11 ,299.49 ,262.26 ,262.31 ,229.25 ,200.48 ,186.34 ,170.46 ,155.32 ,204.49 ,204.49 
financial,Guizhou,1193.50 ,1157.90 ,1141.71 ,1060.02 ,1060.02 ,787.88 ,689.40 ,607.11 ,491.65 ,433.53 ,365.87 ,297.27 ,231.51 ,194.44 ,131.20 ,109.73 ,83.21 ,71.07 ,49.87 ,41.58 ,37.49 ,34.53 ,33.12 ,30.86 ,40.86 ,40.86 
financial,Yunnan,1594.60 ,1517.90 ,1500.41 ,1406.08 ,1406.08 ,1194.67 ,1092.60 ,981.85 ,860.98 ,693.93 ,541.18 ,456.23 ,375.08 ,351.74 ,217.79 ,169.27 ,144.03 ,131.66 ,94.02 ,86.02 ,84.38 ,72.45 ,69.00 ,68.96 ,88.86 ,88.86 
financial,Tibet,215.40 ,213.50 ,138.56 ,121.89 ,121.89 ,110.20 ,93.05 ,68.05 ,55.58 ,43.05 ,32.04 ,31.70 ,27.08 ,23.17 ,7.45 ,6.21 ,4.30 ,6.70 ,15.62 ,4.69 ,2.78 ,3.22 ,2.45 ,2.13 ,0.67 ,0.67 
financial,Shaanxi,2109.70 ,1986.20 ,1820.90 ,1708.33 ,1708.33 ,1300.10 ,1181.54 ,1082.37 ,948.93 ,674.88 ,551.20 ,432.11 ,384.75 ,336.21 ,208.84 ,175.50 ,114.67 ,97.04 ,41.76 ,40.81 ,31.90 ,31.15 ,29.51 ,38.56 ,76.57 ,76.57 
financial,Gansu,925.10 ,911.60 ,897.52 ,862.33 ,862.33 ,553.59 ,507.02 ,443.12 ,364.84 ,234.18 ,184.43 ,145.05 ,100.54 ,88.27 ,72.49 ,61.60 ,50.51 ,44.73 ,65.26 ,61.82 ,59.20 ,57.53 ,55.87 ,54.08 ,41.64 ,41.64 
financial,Qinghai,286.20 ,275.00 ,263.67 ,262.96 ,262.96 ,274.60 ,245.81 ,220.87 ,175.21 ,94.37 ,83.73 ,62.56 ,54.53 ,45.63 ,30.47 ,25.91 ,22.67 ,20.36 ,17.71 ,16.86 ,15.80 ,15.27 ,16.20 ,17.95 ,18.37 ,18.37 
financial,Ningxia,352.20 ,331.40 ,321.07 ,302.01 ,302.01 ,314.69 ,284.11 ,256.38 ,230.16 ,199.81 ,167.48 ,134.18 ,97.87 ,75.54 ,57.25 ,47.81 ,35.93 ,32.00 ,17.00 ,15.73 ,    14.1 8,14.72 ,15.49 ,15.32 ,17.85 ,17.85 
financial,Xinjiang,1216.90 ,1141.70 ,1086.45 ,1015.31 ,1015.31 ,623.53 ,573.70 ,563.80 ,536.94 ,420.27 ,360.40 ,288.77 ,225.20 ,198.87 ,167.26 ,149.22 ,99.25 ,80.34 ,70.87 ,65.43 ,52.57 ,48.88 ,42.23 ,48.50 ,49.19 ,49.19 
real estate,Beijing,2594.50 ,2605.50 ,2644.23 ,2620.79 ,2620.79 ,1766.20 ,1672.68 ,1438.43 ,1329.20 ,1339.52 ,1244.17 ,1074.93 ,1006.52 ,1062.47 ,610.84 ,644.24 ,559.82 ,455.31 ,228.44 ,190.55 ,163.12 ,111.03 ,77.37 ,69.45 ,277.64 ,41.24 
real estate,Tianjin,1020.80 ,1083.80 ,1302.51 ,1238.45 ,1238.45 ,783.27 ,805.92 ,618.25 ,550.86 ,519.37 ,449.65 ,411.46 ,377.59 ,308.73 ,202.38 ,189.42 ,160.72 ,128.77 ,146.51 ,125.43 ,97.66 ,85.61 ,69.35 ,47.23 ,114.88 ,34.25 
real estate,Hebei,2403.10 ,2486.30 ,2642.99 ,2310.00 ,2310.00 ,1690.31 ,1488.42 ,1313.62 ,1119.78 ,1041.28 ,982.05 ,918.02 ,697.79 ,612.40 ,435.87 ,409.64 ,354.60 ,291.51 ,154.38 ,136.85 ,115.16 ,106.80 ,99.53 ,85.71 ,204.22 ,68.31 
real estate,Shanxi,1165.50 ,1231.20 ,1183.77 ,1081.74 ,1081.74 ,798.73 ,698.53 ,639.07 ,598.07 ,329.80 ,301.88 ,224.91 ,192.00 ,173.31 ,168.99 ,135.89 ,118.06 ,106.48 ,42.28 ,37.45 ,33.50 ,31.00 ,29.39 ,26.06 ,96.84 ,12.38 
real estate,Inner Mongolia,830.30 ,860.50 ,921.31 ,892.20 ,892.20 ,458.59 ,453.80 ,441.37 ,442.95 ,414.59 ,385.22 ,384.76 ,309.25 ,286.65 ,167.58 ,148.04 ,122.32 ,98.32 ,27.78 ,24.92 ,22.79 ,21.02 ,17.63 ,14.75 ,22.75 ,10.75 
real estate,Liaoning,1501.10 ,1641.10 ,1583.61 ,1471.41 ,1471.41 ,1132.18 ,1037.33 ,1169.67 ,1145.70 ,1134.49 ,1050.03 ,876.12 ,733.37 ,605.27 ,416.21 ,360.81 ,294.70 ,243.99 ,206.13 ,188.49 ,130.94 ,114.96 ,103.56 ,89.62 ,123.78 ,74.78 
real estate,Jilin,706.70 ,798.20 ,809.37 ,778.83 ,778.83 ,525.58 ,476.58 ,436.06 ,432.85 ,266.60 ,240.86 ,238.61 ,212.32 ,200.14 ,181.35 ,153.03 ,131.01 ,112.29 ,67.32 ,66.09 ,60.02 ,49.62 ,45.83 ,34.08 ,62.26 ,23.82 
real estate,Heilongjiang,695.10 ,761.10 ,757.03 ,671.93 ,671.93 ,656.34 ,616.90 ,597.22 ,581.28 ,553.11 ,522.27 ,465.61 ,370.79 ,301.18 ,249.86 ,226.60 ,195.24 ,163.47 ,134.60 ,123.24 ,115.89 ,108.16 ,104.70 ,57.61 ,115.32 ,45.56 
real estate,Shanghai,3619.20 ,3564.50 ,3393.40 ,3300.72 ,3300.72 ,1873.05 ,2125.62 ,1699.78 ,1530.96 ,1343.77 ,1147.04 ,1019.68 ,1002.50 ,1237.56 ,747.00 ,806.79 ,688.10 ,676.12 ,644.12 ,463.93 ,373.63 ,316.85 ,251.70 ,210.53 ,512.21 ,147.51 
real estate,Jiangsu,7932.60 ,8943.30 ,8944.94 ,8057.76 ,8057.76 ,5016.54 ,4292.79 ,3755.45 ,3564.44 ,3436.65 ,2992.82 ,2747.89 ,2600.95 ,2025.39 ,1220.98 ,1132.32 ,914.78 ,731.01 ,659.40 ,549.50 ,456.56 ,393.75 ,351.92 ,314.86 ,381.81 ,234.28 
real estate,Zhejiang,5019.70 ,5303.80 ,5053.47 ,4356.87 ,4356.87 ,3222.54 ,2607.00 ,2351.42 ,2166.86 ,2190.03 ,1927.93 ,1677.13 ,1618.17 ,1316.83 ,1082.98 ,1004.62 ,807.52 ,695.82 ,288.29 ,238.50 ,186.83 ,146.31 ,116.90 ,92.87 ,172.19 ,67.51 
real estate,Anhui,2937.10 ,3300.20 ,3100.88 ,2870.49 ,2870.49 ,1390.48 ,1124.07 ,870.07 ,807.33 ,763.56 ,665.76 ,634.92 ,532.17 ,497.94 ,342.72 ,294.99 ,247.76 ,219.19 ,193.35 ,166.66 ,142.31 ,126.44 ,114.29 ,93.66 ,85.10 ,65.13 
real estate,Fujian,2674.90 ,2813.90 ,2904.80 ,2689.62 ,2689.62 ,1768.48 ,1269.67 ,1077.88 ,1090.22 ,1216.76 ,1039.71 ,911.16 ,679.03 ,656.61 ,466.75 ,481.33 ,415.10 ,321.74 ,176.70 ,158.21 ,142.17 ,128.52 ,118.02 ,103.95 ,172.48 ,81.42 
real estate,Jiangxi,2117.40 ,2176.50 ,1925.09 ,1895.01 ,1895.01 ,890.55 ,745.89 ,548.26 ,522.81 ,500.57 ,421.83 ,402.51 ,340.56 ,305.90 ,190.65 ,189.35 ,171.06 ,171.88 ,174.74 ,138.02 ,125.27 ,114.84 ,89.76 ,76.31 ,100.50 ,53.11 
real estate,Shandong,4406.70 ,4524.50 ,4298.02 ,4348.67 ,4348.67 ,3091.37 ,2773.29 ,2592.67 ,2526.16 ,2237.46 ,1984.49 ,1838.14 ,1622.15 ,1329.59 ,1043.92 ,935.55 ,779.70 ,653.66 ,563.65 ,490.88 ,429.32 ,376.26 ,309.99 ,283.31 ,429.88 ,239.37 
real estate,Henan,3631.00 ,3719.70 ,3532.67 ,3419.58 ,3419.58 ,2222.21 ,1890.01 ,1657.04 ,1541.76 ,1165.07 ,1040.70 ,987.00 ,773.23 ,622.98 ,484.11 ,447.44 ,348.70 ,298.19 ,217.06 ,201.17 ,185.60 ,171.71 ,154.71 ,137.12 ,139.76 ,118.11 
real estate,Hubei,3909.40 ,4336.20 ,3308.51 ,3680.34 ,3680.34 ,1642.98 ,1291.35 ,1136.72 ,1062.71 ,797.19 ,692.82 ,634.67 ,564.41 ,546.11 ,421.33 ,379.65 ,264.73 ,217.17 ,169.32 ,148.95 ,124.23 ,106.46 ,87.75 ,76.23 ,180.14 ,64.43 
real estate,Hunan,2822.00 ,2945.40 ,2902.37 ,2777.26 ,2777.26 ,1019.35 ,879.62 ,751.81 ,673.38 ,636.26 ,568.52 ,518.04 ,464.21 ,400.11 ,387.08 ,332.62 ,268.52 ,234.93 ,154.66 ,137.71 ,125.46 ,108.00 ,97.14 ,86.98 ,125.62 ,65.75 
real estate,Guangdong,10450.60 ,10804.70 ,10625.65 ,9223.62 ,9223.62 ,7635.96 ,6229.50 ,5117.95 ,4486.92 ,4207.46 ,3643.87 ,3321.31 ,2813.95 ,2470.63 ,2209.78 ,2141.47 ,1784.68 ,1456.14 ,824.66 ,731.57 ,633.87 ,559.66 ,515.52 ,426.66 ,268.20 ,303.36 
real estate,Guangxi,1899.30 ,1984.20 ,1923.65 ,1798.82 ,1798.82 ,885.48 ,749.04 ,657.30 ,593.01 ,520.51 ,489.43 ,465.68 ,405.79 ,348.98 ,280.60 ,239.45 ,192.20 ,164.26 ,95.69 ,81.67 ,69.43 ,60.83 ,46.12 ,42.64 ,31.22 ,31.31 
real estate,Hainan,571.00 ,589.00 ,526.02 ,497.86 ,497.86 ,434.90 ,349.95 ,299.69 ,295.56 ,288.54 ,238.11 ,208.71 ,188.33 ,121.76 ,57.31 ,45.78 ,34.41 ,33.61 ,14.56 ,12.45 ,11.07 ,10.12 ,9.32 ,8.54 ,30.14 ,7.17 
real estate,Chongqing,1668.60 ,1658.40 ,1577.55 ,1473.04 ,1473.04 ,1048.25 ,926.19 ,847.72 ,817.04 ,728.83 ,620.17 ,396.28 ,266.38 ,229.09 ,191.21 ,196.06 ,158.20 ,143.88 ,98.42 ,87.79 ,70.90 ,60.47 ,51.92 ,40.68 ,73.84 ,26.86 
real estate,Sichuan,3446.00 ,3593.80 ,3498.75 ,3399.12 ,3399.12 ,2039.83 ,1516.61 ,1252.20 ,1064.74 ,762.77 ,703.51 ,620.62 ,558.56 ,548.14 ,388.42 ,396.84 ,336.18 ,286.23 ,211.02 ,187.36 ,147.02 ,131.55 ,105.49 ,93.17 ,144.45 ,70.13 
real estate,Guizhou,863.10 ,866.60 ,730.64 ,632.24 ,632.24 ,283.05 ,249.20 ,232.07 ,220.48 ,202.94 ,176.75 ,160.30 ,139.64 ,136.15 ,123.23 ,105.22 ,87.00 ,79.53 ,41.24 ,38.85 ,37.22 ,33.19 ,27.58 ,18.60 ,36.45 ,10.36 
real estate,Yunnan,1633.60 ,1630.70 ,1503.67 ,1410.42 ,1410.42 ,345.50 ,303.96 ,282.51 ,275.97 ,262.84 ,243.03 ,222.31 ,223.45 ,205.14 ,219.27 ,192.12 ,168.64 ,143.87 ,98.19 ,90.04 ,84.11 ,79.57 ,71.09 ,54.47 ,89.84 ,24.86 
real estate,Tibet,92.90 ,106.90 ,57.09 ,54.50 ,54.00 ,33.49 ,33.47 ,29.33 ,28.80 ,22.74 ,20.77 ,17.44 ,14.54 ,13.28 ,31.70 ,12.19 ,11.76 ,9.93 ,4.70 ,4.35 ,3.42 ,2.55 ,2.18 ,0.34 ,1.69 ,0.19 
real estate,Shaanxi,1617.90 ,1635.00 ,1538.72 ,1305.59 ,1305.59 ,861.53 ,747.17 ,695.53 ,579.44 ,507.72 ,450.12 ,398.03 ,315.95 ,239.92 ,159.81 ,138.95 ,117.34 ,105.53 ,122.49 ,117.37 ,58.33 ,41.48 ,35.85 ,28.51 ,53.14 ,14.07 
real estate,Gansu,573.20 ,580.80 ,497.28 ,470.49 ,470.49 ,274.30 ,259.89 ,244.82 ,234.14 ,158.40 ,146.32 ,134.25 ,110.02 ,101.37 ,93.80 ,83.52 ,73.21 ,63.78 ,38.04 ,33.40 ,29.91 ,27.44 ,24.77 ,21.48 ,50.55 ,13.71 
real estate,Qinghai,144.90 ,149.90 ,147.48 ,127.49 ,127.49 ,60.89 ,56.13 ,53.59 ,48.96 ,34.21 ,31.41 ,29.05 ,25.41 ,23.05 ,21.48 ,17.96 ,15.86 ,14.10 ,6.38 ,5.94 ,5.38 ,4.34 ,4.06 ,3.56 ,18.57 ,2.49 
real estate,Ningxia,185.10 ,192.00 ,175.86 ,148.09 ,148.09 ,120.84 ,102.57 ,97.05 ,114.28 ,101.84 ,87.51 ,79.01 ,60.53 ,47.56 ,32.57 ,28.07 ,24.70 ,22.61 ,10.05 ,8.66 ,7.35 ,7.65 ,5.46 ,4.59 ,16.52 ,2.91 
real estate,Xinjiang,575.50 ,628.60 ,536.35 ,509.95 ,509.95 ,323.16 ,298.62 ,285.38 ,281.56 ,232.44 ,194.38 ,176.22 ,143.44 ,115.23 ,94.49 ,91.28 ,68.90 ,55.79 ,26.92 ,24.67 ,22.79 ,19.19 ,15.00 ,10.24 ,50.20 ,7.37 
it,Beijing,19693.90 ,18119.90 ,16417.55 ,15912.17 ,15561.28 ,11946.78 ,10708.04 ,9100.73 ,8110.18 ,7194.08 ,6469.71 ,5775.82 ,4812.85 ,4168.91 ,3733.47 ,3183.10 ,2617.12 ,2228.32 ,1154.91 ,981.67 ,804.97 ,635.93 ,496.02 ,401.78 ,321.42 ,257.14 
it,Tianjin,4093.40 ,3735.80 ,3404.66 ,3349.19 ,2998.30 ,4634.05 ,4197.87 ,3336.09 ,2884.47 ,2314.71 ,2021.15 ,1760.77 ,1454.36 ,1195.54 ,816.44 ,684.81 ,604.65 ,512.61 ,466.08 ,396.17 ,324.86 ,256.64 ,200.18 ,162.14 ,129.71 ,103.77 
it,Hebei,8448.60 ,7797.80 ,7097.72 ,6765.39 ,6414.50 ,5284.39 ,4586.74 ,3881.50 ,3291.63 ,3007.34 ,2862.98 ,2653.38 ,2270.37 ,2033.38 ,2247.68 ,1891.10 ,1549.95 ,1442.08 ,963.61 ,819.07 ,671.64 ,530.59 ,413.86 ,335.23 ,268.18 ,214.55 
it,Shanxi,4771.70 ,4450.90 ,3985.04 ,3856.31 ,3505.42 ,3322.07 ,2908.05 ,2635.32 ,2053.67 ,1673.95 ,1603.27 ,1352.37 ,1190.87 ,1067.15 ,942.32 ,806.16 ,679.18 ,613.55 ,419.12 ,356.25 ,292.13 ,230.78 ,180.01 ,145.81 ,116.65 ,93.32 
it,Inner Mongolia,4200.00 ,3985.40 ,3797.31 ,3720.60 ,3369.71 ,2861.83 ,2796.99 ,2471.59 ,2189.50 ,1851.57 ,1708.56 ,1545.41 ,1293.52 ,1134.99 ,824.89 ,715.67 ,617.20 ,528.52 ,368.86 ,313.53 ,257.10 ,203.11 ,158.42 ,128.32 ,102.66 ,82.13 
it,Liaoning,6912.60 ,6513.50 ,6063.25 ,5744.21 ,5393.32 ,4221.37 ,3859.49 ,4680.57 ,4351.67 ,3875.67 ,3464.86 ,2987.66 ,2528.65 ,2206.09 ,1666.57 ,1448.22 ,1279.13 ,1178.07 ,948.99 ,806.64 ,661.45 ,522.54 ,407.58 ,330.14 ,264.11 ,211.29 
it,Jilin,3414.90 ,3412.50 ,3179.79 ,3094.12 ,2743.23 ,3363.91 ,2930.19 ,2402.38 ,2157.54 ,2209.88 ,1975.58 ,1746.51 ,1401.37 ,1202.68 ,1061.64 ,867.31 ,718.73 ,581.40 ,380.59 ,323.50 ,265.27 ,209.56 ,163.46 ,132.40 ,105.92 ,84.74 
it,Heilongjiang,3592.30 ,3286.90 ,3132.64 ,3192.35 ,2841.46 ,3866.19 ,3538.93 ,3170.90 ,2755.08 ,2365.61 ,2227.70 ,1853.67 ,1612.34 ,1441.32 ,1277.66 ,1066.19 ,921.04 ,823.37 ,600.43 ,510.37 ,418.50 ,330.62 ,257.88 ,208.88 ,167.11 ,133.68 
it,Shanghai,13450.80 ,12234.80 ,10940.76 ,10624.53 ,10273.64 ,7800.44 ,6992.69 ,5797.41 ,5261.94 ,4495.51 ,4116.11 ,3657.14 ,3184.86 ,2831.79 ,2877.93 ,2372.38 ,1938.65 ,1677.88 ,984.57 ,836.88 ,686.24 ,542.13 ,422.86 ,342.52 ,274.02 ,219.21 
it,Jiangsu,25355.30 ,23144.40 ,20449.00 ,19515.76 ,19164.87 ,18514.75 ,16533.28 ,13909.11 ,11857.96 ,9335.03 ,8286.38 ,7105.77 ,5497.80 ,4325.28 ,4054.47 ,3401.13 ,2891.31 ,2350.94 ,1729.26 ,1469.87 ,1205.29 ,952.18 ,742.70 ,601.59 ,481.27 ,385.02 
it,Zhejiang,17346.00 ,16347.70 ,14788.66 ,13699.69 ,13348.80 ,11345.90 ,9680.12 ,8099.05 ,6870.58 ,6007.72 ,5371.97 ,4657.08 ,3872.59 ,3278.36 ,3104.88 ,2761.89 ,2332.90 ,2015.86 ,1443.43 ,1226.92 ,1006.07 ,794.80 ,619.94 ,502.15 ,401.72 ,321.38 
it,Anhui,9600.80 ,8764.00 ,7792.00 ,7305.90 ,6955.01 ,5110.90 ,4242.09 ,3529.20 ,2786.67 ,2427.15 ,2201.97 ,1944.15 ,1656.88 ,1446.36 ,1448.71 ,1283.80 ,1122.50 ,999.75 ,606.54 ,515.56 ,422.76 ,333.98 ,260.50 ,211.01 ,168.81 ,135.05 
it,Fujian,9280.80 ,8418.90 ,7568.37 ,7102.58 ,6751.69 ,5933.40 ,4794.30 ,3945.53 ,3235.80 ,2797.38 ,2584.24 ,2329.68 ,1955.44 ,1748.86 ,1470.58 ,1253.65 ,997.32 ,878.01 ,694.97 ,590.72 ,484.39 ,382.67 ,298.48 ,241.77 ,193.42 ,154.73 
it,Jiangxi,6129.90 ,5576.40 ,4827.98 ,4588.06 ,4237.17 ,3734.61 ,3417.97 ,2724.39 ,2291.10 ,1981.91 ,1773.82 ,1551.55 ,1225.53 ,1049.69 ,788.85 ,691.25 ,607.31 ,514.26 ,350.93 ,298.29 ,244.60 ,193.23 ,150.72 ,122.08 ,97.67 ,78.13 
it,Shandong,17886.60 ,16869.80 ,15379.81 ,14083.43 ,13732.54 ,13576.73 ,12109.97 ,10435.36 ,9057.67 ,6559.11 ,5992.16 ,5282.20 ,4460.17 ,3950.63 ,3363.39 ,2934.96 ,2476.51 ,2006.37 ,1592.38 ,1353.52 ,1109.89 ,876.81 ,683.91 ,553.97 ,443.18 ,354.54 
it,Henan,13414.50 ,12792.70 ,11725.64 ,11367.75 ,11016.86 ,7624.15 ,6514.27 ,5580.37 ,4786.15 ,3563.29 ,3175.18 ,2790.94 ,2364.95 ,2170.12 ,1884.33 ,1636.33 ,1353.39 ,1156.99 ,950.96 ,808.32 ,662.82 ,523.63 ,408.43 ,330.83 ,264.66 ,211.73 
it,Hubei,12482.30 ,11532.70 ,10150.13 ,9360.98 ,9010.09 ,7067.79 ,6013.85 ,5303.96 ,4809.96 ,3966.23 ,3510.90 ,3108.89 ,2497.29 ,2142.23 ,2017.14 ,1718.28 ,1381.86 ,1186.98 ,794.23 ,675.10 ,553.58 ,437.33 ,341.11 ,276.30 ,221.04 ,176.83 
it,Hunan,11917.90 ,11003.80 ,9899.19 ,9705.21 ,9354.32 ,9081.33 ,7808.79 ,6542.25 ,5637.13 ,4818.32 ,4107.93 ,3502.38 ,2820.03 ,2369.17 ,2078.15 ,1800.45 ,1495.38 ,1271.41 ,962.52 ,818.14 ,670.88 ,529.99 ,413.39 ,334.85 ,267.88 ,214.30 
it,Guangdong,30214.30 ,29218.80 ,26156.67 ,24936.34 ,21885.45 ,19188.52 ,16352.25 ,13807.71 ,12294.21 ,10628.64 ,9694.37 ,8896.45 ,7690.94 ,6850.14 ,5456.42 ,4734.11 ,4208.55 ,3734.67 ,1886.95 ,1603.91 ,1315.20 ,1039.01 ,810.43 ,656.45 ,525.16 ,420.13 
it,Guangxi,5566.10 ,5214.90 ,4777.80 ,4345.36 ,3664.47 ,3223.11 ,2814.33 ,2465.24 ,2189.52 ,1783.62 ,1580.59 ,1387.72 ,1214.46 ,1095.45 ,1055.17 ,915.43 ,785.37 ,671.03 ,395.41 ,336.10 ,275.60 ,217.72 ,169.83 ,137.56 ,110.05 ,88.04 
it,Hainan,1458.90 ,1353.90 ,1251.94 ,1147.45 ,956.56 ,760.06 ,677.07 ,600.78 ,526.82 ,482.74 ,437.85 ,367.43 ,295.22 ,243.45 ,217.40 ,186.63 ,163.76 ,144.14 ,88.74 ,75.43 ,61.85 ,48.86 ,38.11 ,30.87 ,24.70 ,19.76 
it,Chongqing,6748.50 ,6294.90 ,5621.87 ,5295.61 ,5295.61 ,3717.69 ,3237.97 ,2758.88 ,2357.16 ,1649.73 ,1405.47 ,1153.01 ,962.15 ,850.16 ,824.94 ,705.64 ,648.87 ,547.90 ,479.62 ,407.68 ,334.30 ,264.09 ,205.99 ,166.85 ,133.48 ,106.79 
it,Sichuan,14130.10 ,13050.70 ,11507.34 ,10855.61 ,10855.61 ,7764.09 ,6599.01 ,5542.08 ,4566.19 ,4001.91 ,3564.08 ,3137.30 ,2748.95 ,2330.89 ,1838.17 ,1630.06 ,1379.42 ,1211.39 ,924.59 ,785.90 ,644.44 ,509.11 ,397.10 ,321.65 ,257.32 ,205.86 
it,Guizhou,5098.40 ,4852.10 ,4570.22 ,4209.06 ,4209.06 ,2577.83 ,2101.63 ,1849.58 ,1604.04 ,1445.57 ,1271.61 ,1059.64 ,777.35 ,708.49 ,650.22 ,529.47 ,409.58 ,346.41 ,237.48 ,201.86 ,165.52 ,130.76 ,102.00 ,82.62 ,66.09 ,52.87 
it,Yunnan,6177.10 ,5784.00 ,5461.23 ,5243.21 ,5243.21 ,3776.61 ,3203.52 ,2756.63 ,2412.66 ,2132.06 ,1833.67 ,1595.62 ,1224.80 ,1050.16 ,1012.01 ,843.64 ,668.59 ,586.13 ,388.76 ,330.45 ,270.97 ,214.06 ,166.97 ,135.24 ,108.20 ,86.56 
it,Tibet,664.50 ,642.20 ,572.01 ,549.56 ,549.56 ,383.23 ,342.28 ,320.52 ,281.79 ,256.39 ,232.23 ,197.48 ,163.90 ,141.45 ,109.11 ,101.35 ,90.91 ,81.11 ,50.19 ,42.66 ,34.98 ,27.64 ,21.56 ,17.46 ,13.97 ,11.17 
it,Shaanxi,6485.20 ,6022.20 ,5634.36 ,5219.97 ,5219.97 ,3904.23 ,3319.59 ,2796.19 ,2432.01 ,2134.33 ,1911.77 ,1669.86 ,1438.82 ,1261.97 ,923.55 ,782.81 ,656.50 ,577.42 ,461.73 ,392.47 ,321.83 ,254.24 ,198.31 ,160.63 ,128.50 ,102.80 
it,Gansu,2681.00 ,2472.90 ,2298.76 ,2182.20 ,2182.20 ,2074.52 ,1850.21 ,1618.86 ,1403.49 ,1227.89 ,1079.00 ,928.57 ,729.23 ,640.26 ,590.14 ,475.69 ,401.41 ,349.84 ,172.81 ,146.89 ,120.45 ,95.15 ,74.22 ,60.12 ,48.09 ,38.48 
it,Qinghai,847.30 ,852.20 ,783.40 ,774.96 ,774.96 ,563.09 ,491.31 ,434.09 ,355.78 ,336.60 ,306.45 ,268.41 ,231.94 ,199.87 ,166.73 ,140.55 ,116.95 ,102.02 ,88.15 ,74.93 ,61.44 ,48.54 ,37.86 ,30.67 ,24.53 ,19.63 
it,Ningxia,1166.20 ,1123.20 ,1030.63 ,981.75 ,981.75 ,742.21 ,630.96 ,538.02 ,450.39 ,394.25 ,363.71 ,327.49 ,278.38 ,225.76 ,168.24 ,143.83 ,117.57 ,102.39 ,67.10 ,57.04 ,46.77 ,36.95 ,28.82 ,23.34 ,18.67 ,14.94 
it,Xinjiang,4150.20 ,4007.10 ,3807.73 ,3382.81 ,3382.81 ,2330.89 ,2043.76 ,1961.96 ,1659.26 ,1449.02 ,1255.46 ,1073.64 ,831.24 ,748.67 ,684.58 ,584.32 ,509.49 ,452.85 ,331.05 ,281.39 ,230.74 ,182.29 ,142.18 ,115.17 ,92.13 ,73.71 
daily consumption,Beijing,503.98 ,503.08 ,486.40 ,513.88 ,536.48 ,544.30 ,586.65 ,633.75 ,718.63 ,731.47 ,678.90 ,615.94 ,562.11 ,534.67 ,509.90 ,457.70 ,443.14 ,442.91 ,465.11 ,452.45 ,443.19 ,420.72 ,406.66 ,395.41 ,391.25 ,383.52 
daily consumption,Tianjin,573.51 ,473.34 ,441.38 ,388.98 ,362.69 ,354.82 ,462.46 ,438.52 ,419.79 ,395.75 ,360.36 ,335.41 ,305.72 ,270.59 ,257.42 ,231.40 ,248.28 ,236.00 ,214.81 ,188.29 ,176.40 ,164.96 ,154.43 ,149.12 ,155.46 ,156.56 
daily consumption,Hebei,4410.30 ,4030.30 ,3880.14 ,3518.44 ,3338.00 ,3129.98 ,3492.81 ,3439.45 ,3447.46 ,3500.42 ,3186.66 ,2905.73 ,2562.81 ,2207.34 ,2034.60 ,1804.72 ,1606.48 ,1503.07 ,1370.40 ,1064.33 ,957.01 ,913.90 ,824.55 ,805.97 ,790.60 ,761.76 
daily consumption,Shanxi,1340.40 ,1286.90 ,946.68 ,824.72 ,740.64 ,719.16 ,784.78 ,783.16 ,788.89 ,773.81 ,698.32 ,641.42 ,554.48 ,477.59 ,302.48 ,269.68 ,276.77 ,262.42 ,253.37 ,215.19 ,197.80 ,171.09 ,179.86 ,159.96 ,207.26 ,191.84 
daily consumption,Inner Mongolia,2653.70 ,2225.20 ,2025.12 ,1863.19 ,1753.82 ,1649.77 ,1637.39 ,1617.42 ,1627.85 ,1599.41 ,1448.58 ,1306.30 ,1095.28 ,929.60 ,906.98 ,762.10 ,649.62 ,589.56 ,506.07 ,420.10 ,374.69 ,358.89 ,350.80 ,342.91 ,341.62 ,322.52 
daily consumption,Liaoning,2597.60 ,2461.80 ,2284.61 ,2177.77 ,2033.30 ,1902.28 ,2173.06 ,2384.03 ,2285.75 ,2321.63 ,2155.82 ,1915.57 ,1631.08 ,1414.90 ,1302.00 ,1133.40 ,976.37 ,882.41 ,769.90 ,615.80 ,590.20 ,544.44 ,503.44 ,520.80 ,531.46 ,485.38 
daily consumption,Jilin,1689.10 ,1553.80 ,1553.00 ,1287.32 ,1160.75 ,1095.36 ,1498.52 ,1596.28 ,1524.01 ,1509.34 ,1412.11 ,1277.44 ,1050.15 ,980.57 ,916.70 ,783.80 ,672.76 ,625.61 ,560.96 ,486.90 ,446.17 ,409.10 ,398.73 ,423.48 ,429.50 ,368.16 
daily consumption,Heilongjiang,3609.80 ,3463.00 ,3438.29 ,3182.45 ,3000.96 ,2965.25 ,2670.46 ,2633.50 ,2611.36 ,2516.79 ,2113.66 ,1701.50 ,1302.90 ,1154.33 ,1089.10 ,915.38 ,737.59 ,684.60 ,587.76 ,500.80 ,447.00 ,409.30 ,357.00 ,377.23 ,463.05 ,484.81 
daily consumption,Shanghai,182.36 ,188.00 ,194.71 ,195.29 ,196.22 ,208.27 ,205.80 ,206.46 ,233.61 ,243.05 ,240.26 ,234.89 ,214.60 ,213.98 ,210.18 ,191.46 ,176.34 ,151.04 ,181.81 ,170.40 ,165.89 ,160.74 ,156.42 ,150.40 ,147.58 ,142.50 
daily consumption,Jiangsu,4959.40 ,4722.40 ,4536.72 ,4296.28 ,4141.72 ,4045.16 ,4077.18 ,3986.05 ,3634.33 ,3646.08 ,3418.29 ,3064.77 ,2540.10 ,2261.86 ,2100.00 ,1816.24 ,1545.01 ,1461.49 ,1315.38 ,1106.35 ,1119.12 ,1082.43 ,1031.17 ,1003.51 ,1016.27 ,1008.41 
daily consumption,Zhejiang,2324.80 ,2209.10 ,2169.23 ,2097.38 ,1967.01 ,1933.92 ,1965.18 ,1832.91 ,1777.18 ,1784.62 ,1667.88 ,1583.04 ,1360.56 ,1163.08 ,1095.43 ,986.02 ,925.10 ,892.83 ,816.00 ,728.00 ,694.00 ,695.15 ,664.16 ,631.94 ,631.31 ,637.48 
daily consumption,Anhui,3513.70 ,3360.60 ,3184.68 ,2915.70 ,2638.01 ,2582.27 ,2567.72 ,2456.69 ,2392.39 ,2348.09 ,2178.73 ,2015.31 ,1729.02 ,1495.45 ,1418.08 ,1200.18 ,1028.66 ,966.49 ,932.42 ,732.81 ,772.55 ,750.07 ,732.19 ,741.14 ,739.70 ,732.37 
daily consumption,Fujian,3076.20 ,2897.70 ,2732.32 ,2596.23 ,2379.82 ,2215.13 ,2363.22 ,2118.10 ,2014.80 ,1936.31 ,1776.71 ,1612.24 ,1363.67 ,1182.74 ,1157.75 ,1002.11 ,896.17 ,841.20 ,777.87 ,692.94 ,664.78 ,651.11 ,640.57 ,628.86 ,610.04 ,576.63 
daily consumption,Jiangxi,2451.50 ,2334.30 ,2241.59 ,2057.56 ,1877.33 ,1835.26 ,1904.53 ,1772.98 ,1683.72 ,1636.49 ,1520.23 ,1391.07 ,1206.98 ,1098.66 ,1060.38 ,905.77 ,786.14 ,727.37 ,711.70 ,560.00 ,535.98 ,506.00 ,485.14 ,464.40 ,450.44 ,475.18 
daily consumption,Shandong,6298.60 ,6029.00 ,5363.76 ,5116.44 ,4950.52 ,4832.71 ,4929.13 ,4979.08 ,4798.36 ,4742.63 ,4281.70 ,3973.85 ,3588.28 ,3226.64 ,3002.65 ,2509.14 ,2138.90 ,1963.51 ,1778.30 ,1480.67 ,1390.00 ,1359.49 ,1268.57 ,1221.00 ,1215.81 ,1195.00 
daily consumption,Henan,5817.80 ,5620.80 ,5353.74 ,4635.40 ,4289.38 ,4139.29 ,4286.21 ,4209.56 ,4160.01 ,4058.98 ,3769.54 ,3512.24 ,3258.09 ,2769.05 ,2658.80 ,2217.66 ,2049.92 ,1892.01 ,1647.48 ,1239.70 ,1288.36 ,1234.34 ,1161.58 ,1123.14 ,1071.39 ,1008.55 
daily consumption,Hubei,4986.70 ,4661.70 ,4131.91 ,3809.09 ,3547.51 ,3528.96 ,3659.33 ,3309.84 ,3176.89 ,3098.16 ,2848.77 ,2569.30 ,2147.00 ,1795.90 ,1780.00 ,1378.00 ,1140.41 ,1082.13 ,1020.09 ,798.35 ,707.00 ,692.17 ,662.30 ,653.99 ,748.22 ,767.92 
daily consumption,Hunan,4602.70 ,4322.90 ,4240.45 ,3646.95 ,3083.59 ,2998.40 ,3578.37 ,3331.62 ,3148.75 ,3099.23 ,3004.21 ,2768.03 ,2325.50 ,1969.69 ,2007.40 ,1626.52 ,1332.23 ,1274.15 ,1155.85 ,886.47 ,847.25 ,825.73 ,784.92 ,778.25 ,828.31 ,855.75 
daily consumption,Guangdong,5340.40 ,5003.70 ,4769.99 ,4351.26 ,3831.44 ,3611.44 ,3694.37 ,3345.54 ,3166.82 ,3047.51 ,2847.26 ,2665.20 ,2286.98 ,2010.27 ,1970.23 ,1695.57 ,1577.12 ,1428.27 ,1245.42 ,1093.52 ,1032.80 ,1004.35 ,1000.06 ,1021.30 ,1004.92 ,986.82 
daily consumption,Guangxi,4269.80 ,4015.50 ,3555.82 ,3387.74 ,3019.37 ,2878.30 ,2796.80 ,2565.45 ,2413.44 ,2343.57 ,2172.37 ,2047.23 ,1675.06 ,1458.49 ,1453.90 ,1241.35 ,1032.47 ,912.50 ,811.38 ,652.28 ,595.68 ,562.52 ,538.69 ,554.48 ,574.25 ,631.62 
daily consumption,Hainan,1417.80 ,1254.40 ,1135.98 ,1080.36 ,1000.11 ,962.84 ,948.35 ,854.72 ,809.52 ,756.47 ,711.54 ,659.23 ,539.83 ,462.19 ,437.61 ,361.07 ,344.48 ,300.75 ,283.84 ,248.33 ,228.95 ,201.79 ,196.56 ,176.42 ,164.00 ,151.28 
daily consumption,Chongqing,2012.10 ,1922.00 ,1803.33 ,1551.42 ,1378.27 ,1276.09 ,1303.24 ,1150.15 ,1061.03 ,1016.74 ,940.01 ,844.52 ,685.38 ,606.80 ,575.40 ,482.39 ,425.81 ,463.40 ,431.32 ,336.36 ,315.78 ,293.03 ,283.00 ,284.28 ,298.67 ,304.51 
daily consumption,Sichuan,5964.30 ,5661.90 ,5556.58 ,4807.24 ,4426.66 ,4262.35 ,3929.33 ,3677.30 ,3531.05 ,3425.61 ,3297.21 ,2983.51 ,2482.89 ,2240.61 ,2366.15 ,2032.00 ,1595.48 ,1481.14 ,1394.26 ,1128.61 ,1027.62 ,981.68 ,945.58 ,941.02 ,941.24 ,919.28 
daily consumption,Guizhou,2861.20 ,2730.90 ,2539.88 ,2280.56 ,2159.54 ,2032.27 ,1846.19 ,1640.61 ,1280.45 ,1029.05 ,891.91 ,726.22 ,625.03 ,550.27 ,547.85 ,446.38 ,393.17 ,368.94 ,334.11 ,298.37 ,280.83 ,274.17 ,270.99 ,267.57 ,264.89 ,271.83 
daily consumption,Yunnan,4012.20 ,3870.20 ,3598.91 ,3037.62 ,2498.86 ,2338.37 ,2195.11 ,2055.78 ,1990.07 ,1895.34 ,1654.55 ,1411.01 ,1108.38 ,1067.60 ,1020.94 ,837.35 ,749.81 ,669.81 ,604.33 ,502.84 ,470.50 ,450.54 ,436.26 ,412.17 ,408.43 ,391.48 
daily consumption,Tibet,180.20 ,164.10 ,150.65 ,138.19 ,130.25 ,122.72 ,115.78 ,98.04 ,91.64 ,86.82 ,80.38 ,74.47 ,68.72 ,63.88 ,60.51 ,54.89 ,50.90 ,48.04 ,43.33 ,40.62 ,39.68 ,37.47 ,36.32 ,34.19 ,31.31 ,29.18 
daily consumption,Shaanxi,2575.30 ,2409.40 ,2267.54 ,1990.93 ,1830.19 ,1741.45 ,1693.85 ,1597.63 ,1564.94 ,1526.05 ,1370.16 ,1220.90 ,988.45 ,789.64 ,753.72 ,592.63 ,488.48 ,435.77 ,394.98 ,320.03 ,303.79 ,287.24 ,279.12 ,267.51 ,283.49 ,271.52 
daily consumption,Gansu,1515.30 ,1364.70 ,1198.14 ,1050.48 ,921.30 ,859.75 ,983.39 ,954.09 ,900.76 ,879.37 ,780.50 ,678.75 ,599.28 ,497.05 ,463.00 ,385.97 ,333.35 ,308.06 ,281.40 ,236.61 ,214.45 ,207.05 ,193.36 ,191.21 ,202.21 ,189.79 
daily consumption,Qinghai,380.20 ,352.70 ,334.30 ,301.90 ,268.10 ,238.41 ,221.19 ,208.93 ,215.93 ,207.59 ,176.91 ,155.08 ,134.92 ,107.40 ,105.58 ,83.41 ,69.64 ,65.34 ,57.81 ,46.15 ,44.90 ,42.79 ,38.53 ,40.54 ,41.63 ,40.65 
daily consumption,Ningxia,407.50 ,364.50 ,338.01 ,279.93 ,279.85 ,250.62 ,241.60 ,237.76 ,216.99 ,222.98 ,199.40 ,184.14 ,159.29 ,127.25 ,120.00 ,97.89 ,79.54 ,72.08 ,65.13 ,55.50 ,52.84 ,49.57 ,45.95 ,48.01 ,48.69 ,44.82 
daily consumption,Xinjiang,2509.30 ,2356.10 ,1981.28 ,1781.75 ,1692.09 ,1551.84 ,1648.97 ,1559.08 ,1538.60 ,1468.29 ,1320.57 ,1139.03 ,1078.63 ,759.74 ,691.10 ,628.72 ,527.80 ,509.99 ,444.70 ,412.90 ,305.00 ,288.12 ,288.18 ,268.51 ,291.05 ,279.73 
